analysis_layer,pair_id,field_id,primary_state,rater_a_state,rater_b_state,final_state,evidence_url,checked_date,selection_stratum,stratum_frame_n,stratum_sample_n
primary_83,VUONG2025_S7_001,target_definition,documented,,,documented,https://pmc.ncbi.nlm.nih.gov/articles/PMC8034867/,2026-07-30,,,
primary_83,VUONG2025_S7_001,effect_modifier,documented,,,documented,https://pmc.ncbi.nlm.nih.gov/articles/PMC8034867/,2026-07-30,,,
primary_83,VUONG2025_S7_001,harmonization,partial,,,partial,https://pmc.ncbi.nlm.nih.gov/articles/PMC8034867/,2026-07-30,,,
primary_83,VUONG2025_S7_001,overlap,documented,,,documented,https://pmc.ncbi.nlm.nih.gov/articles/PMC8034867/,2026-07-30,,,
primary_83,VUONG2025_S7_001,target_uncertainty,documented,,,documented,https://pmc.ncbi.nlm.nih.gov/articles/PMC8034867/,2026-07-30,,,
primary_83,VUONG2025_S7_001,threshold_provenance,partial,,,partial,https://pmc.ncbi.nlm.nih.gov/articles/PMC8034867/,2026-07-30,,,
primary_83,VUONG2025_S7_001,threshold_timing,not_documented,,,not_documented,https://pmc.ncbi.nlm.nih.gov/articles/PMC8034867/,2026-07-30,,,
primary_83,VUONG2025_S7_001,source_access,controlled,,,controlled,https://pmc.ncbi.nlm.nih.gov/articles/PMC8034867/,2026-07-30,,,
primary_83,VUONG2025_S7_001,target_access,public,,,public,https://pmc.ncbi.nlm.nih.gov/articles/PMC8034867/,2026-07-30,,,
primary_83,VUONG2025_S7_001,reuse_terms,not_documented,,,not_documented,https://github.com/benjamin-ackerman/generalizability_svys,2026-07-30,,,
primary_83,VUONG2025_S7_001,code_record,documented,,,documented,https://github.com/benjamin-ackerman/generalizability_svys,2026-07-30,,,
primary_83,VUONG2025_S7_001,fixed_version,verified,,,verified,https://github.com/benjamin-ackerman/generalizability_svys,2026-07-30,,,
primary_83,VUONG2025_S7_001,execution_path,not_self_contained,,,not_self_contained,https://github.com/benjamin-ackerman/generalizability_svys,2026-07-30,,,
primary_83,VUONG2025_S7_002,target_definition,documented,,,documented,https://pmc.ncbi.nlm.nih.gov/articles/PMC8034867/,2026-07-30,,,
primary_83,VUONG2025_S7_002,effect_modifier,documented,,,documented,https://pmc.ncbi.nlm.nih.gov/articles/PMC8034867/,2026-07-30,,,
primary_83,VUONG2025_S7_002,harmonization,partial,,,partial,https://pmc.ncbi.nlm.nih.gov/articles/PMC8034867/,2026-07-30,,,
primary_83,VUONG2025_S7_002,overlap,documented,,,documented,https://pmc.ncbi.nlm.nih.gov/articles/PMC8034867/,2026-07-30,,,
primary_83,VUONG2025_S7_002,target_uncertainty,documented,,,documented,https://pmc.ncbi.nlm.nih.gov/articles/PMC8034867/,2026-07-30,,,
primary_83,VUONG2025_S7_002,threshold_provenance,partial,,,partial,https://pmc.ncbi.nlm.nih.gov/articles/PMC8034867/,2026-07-30,,,
primary_83,VUONG2025_S7_002,threshold_timing,not_documented,,,not_documented,https://pmc.ncbi.nlm.nih.gov/articles/PMC8034867/,2026-07-30,,,
primary_83,VUONG2025_S7_002,source_access,controlled,,,controlled,https://pmc.ncbi.nlm.nih.gov/articles/PMC8034867/,2026-07-30,,,
primary_83,VUONG2025_S7_002,target_access,public,,,public,https://pmc.ncbi.nlm.nih.gov/articles/PMC8034867/,2026-07-30,,,
primary_83,VUONG2025_S7_002,reuse_terms,not_documented,,,not_documented,https://github.com/benjamin-ackerman/generalizability_svys,2026-07-30,,,
primary_83,VUONG2025_S7_002,code_record,documented,,,documented,https://github.com/benjamin-ackerman/generalizability_svys,2026-07-30,,,
primary_83,VUONG2025_S7_002,fixed_version,verified,,,verified,https://github.com/benjamin-ackerman/generalizability_svys,2026-07-30,,,
primary_83,VUONG2025_S7_002,execution_path,not_self_contained,,,not_self_contained,https://github.com/benjamin-ackerman/generalizability_svys,2026-07-30,,,
primary_83,VUONG2025_S7_003,target_definition,unresolved,,,unresolved,https://doi.org/10.1177/0962280220988574,2026-07-30,,,
primary_83,VUONG2025_S7_003,effect_modifier,unresolved,,,unresolved,https://doi.org/10.1177/0962280220988574,2026-07-30,,,
primary_83,VUONG2025_S7_003,harmonization,unresolved,,,unresolved,https://doi.org/10.1177/0962280220988574,2026-07-30,,,
primary_83,VUONG2025_S7_003,overlap,unresolved,,,unresolved,https://doi.org/10.1177/0962280220988574,2026-07-30,,,
primary_83,VUONG2025_S7_003,target_uncertainty,unresolved,,,unresolved,https://doi.org/10.1177/0962280220988574,2026-07-30,,,
primary_83,VUONG2025_S7_003,threshold_provenance,unresolved,,,unresolved,https://doi.org/10.1177/0962280220988574,2026-07-30,,,
primary_83,VUONG2025_S7_003,threshold_timing,unresolved,,,unresolved,https://doi.org/10.1177/0962280220988574,2026-07-30,,,
primary_83,VUONG2025_S7_003,source_access,unresolved,,,unresolved,https://doi.org/10.1177/0962280220988574,2026-07-30,,,
primary_83,VUONG2025_S7_003,target_access,unresolved,,,unresolved,https://doi.org/10.1177/0962280220988574,2026-07-30,,,
primary_83,VUONG2025_S7_003,reuse_terms,unresolved,,,unresolved,https://doi.org/10.1177/0962280220988574,2026-07-30,,,
primary_83,VUONG2025_S7_003,code_record,unresolved,,,unresolved,https://doi.org/10.1177/0962280220988574,2026-07-30,,,
primary_83,VUONG2025_S7_003,fixed_version,unresolved,,,unresolved,https://doi.org/10.1177/0962280220988574,2026-07-30,,,
primary_83,VUONG2025_S7_003,execution_path,unresolved,,,unresolved,https://doi.org/10.1177/0962280220988574,2026-07-30,,,
primary_83,VUONG2025_S7_004,target_definition,documented,,,documented,https://pmc.ncbi.nlm.nih.gov/articles/PMC10113884/,2026-07-30,,,
primary_83,VUONG2025_S7_004,effect_modifier,documented,,,documented,https://pmc.ncbi.nlm.nih.gov/articles/PMC10113884/,2026-07-30,,,
primary_83,VUONG2025_S7_004,harmonization,partial,,,partial,https://pmc.ncbi.nlm.nih.gov/articles/PMC10113884/,2026-07-30,,,
primary_83,VUONG2025_S7_004,overlap,partial,,,partial,https://pmc.ncbi.nlm.nih.gov/articles/PMC10113884/,2026-07-30,,,
primary_83,VUONG2025_S7_004,target_uncertainty,documented,,,documented,https://pmc.ncbi.nlm.nih.gov/articles/PMC10113884/,2026-07-30,,,
primary_83,VUONG2025_S7_004,threshold_provenance,partial,,,partial,https://pmc.ncbi.nlm.nih.gov/articles/PMC10113884/,2026-07-30,,,
primary_83,VUONG2025_S7_004,threshold_timing,not_documented,,,not_documented,https://pmc.ncbi.nlm.nih.gov/articles/PMC10113884/,2026-07-30,,,
primary_83,VUONG2025_S7_004,source_access,unclear,,,unclear,https://pmc.ncbi.nlm.nih.gov/articles/PMC10113884/,2026-07-30,,,
primary_83,VUONG2025_S7_004,target_access,unclear,,,unclear,https://pmc.ncbi.nlm.nih.gov/articles/PMC10113884/,2026-07-30,,,
primary_83,VUONG2025_S7_004,reuse_terms,not_documented,,,not_documented,https://pmc.ncbi.nlm.nih.gov/articles/PMC10113884/,2026-07-30,,,
primary_83,VUONG2025_S7_004,code_record,not_documented,,,not_documented,https://pmc.ncbi.nlm.nih.gov/articles/PMC10113884/,2026-07-30,,,
primary_83,VUONG2025_S7_004,fixed_version,not_applicable,,,not_applicable,https://pmc.ncbi.nlm.nih.gov/articles/PMC10113884/,2026-07-30,,,
primary_83,VUONG2025_S7_004,execution_path,not_applicable,,,not_applicable,https://pmc.ncbi.nlm.nih.gov/articles/PMC10113884/,2026-07-30,,,
primary_83,VUONG2025_S7_005,target_definition,partial,,,partial,https://pmc.ncbi.nlm.nih.gov/articles/PMC8742835/,2026-07-30,,,
primary_83,VUONG2025_S7_005,effect_modifier,partial,,,partial,https://pmc.ncbi.nlm.nih.gov/articles/PMC8742835/,2026-07-30,,,
primary_83,VUONG2025_S7_005,harmonization,partial,,,partial,https://pmc.ncbi.nlm.nih.gov/articles/PMC8742835/,2026-07-30,,,
primary_83,VUONG2025_S7_005,overlap,unresolved,,,unresolved,https://pmc.ncbi.nlm.nih.gov/articles/PMC8742835/,2026-07-30,,,
primary_83,VUONG2025_S7_005,target_uncertainty,partial,,,partial,https://pmc.ncbi.nlm.nih.gov/articles/PMC8742835/,2026-07-30,,,
primary_83,VUONG2025_S7_005,threshold_provenance,partial,,,partial,https://pmc.ncbi.nlm.nih.gov/articles/PMC8742835/,2026-07-30,,,
primary_83,VUONG2025_S7_005,threshold_timing,not_documented,,,not_documented,https://pmc.ncbi.nlm.nih.gov/articles/PMC8742835/,2026-07-30,,,
primary_83,VUONG2025_S7_005,source_access,unclear,,,unclear,https://pmc.ncbi.nlm.nih.gov/articles/PMC8742835/,2026-07-30,,,
primary_83,VUONG2025_S7_005,target_access,unclear,,,unclear,https://pmc.ncbi.nlm.nih.gov/articles/PMC8742835/,2026-07-30,,,
primary_83,VUONG2025_S7_005,reuse_terms,unresolved,,,unresolved,https://pmc.ncbi.nlm.nih.gov/articles/PMC8742835/,2026-07-30,,,
primary_83,VUONG2025_S7_005,code_record,partial,,,partial,https://pmc.ncbi.nlm.nih.gov/articles/PMC8742835/,2026-07-30,,,
primary_83,VUONG2025_S7_005,fixed_version,not_verified,,,not_verified,https://pmc.ncbi.nlm.nih.gov/articles/PMC8742835/,2026-07-30,,,
primary_83,VUONG2025_S7_005,execution_path,not_self_contained,,,not_self_contained,https://pmc.ncbi.nlm.nih.gov/articles/PMC8742835/,2026-07-30,,,
primary_83,VUONG2025_S7_006,target_definition,documented,,,documented,https://pmc.ncbi.nlm.nih.gov/articles/PMC10394194/,2026-07-30,,,
primary_83,VUONG2025_S7_006,effect_modifier,unresolved,,,unresolved,https://pmc.ncbi.nlm.nih.gov/articles/PMC10394194/,2026-07-30,,,
primary_83,VUONG2025_S7_006,harmonization,unresolved,,,unresolved,https://pmc.ncbi.nlm.nih.gov/articles/PMC10394194/,2026-07-30,,,
primary_83,VUONG2025_S7_006,overlap,documented,,,documented,https://pmc.ncbi.nlm.nih.gov/articles/PMC10394194/,2026-07-30,,,
primary_83,VUONG2025_S7_006,target_uncertainty,documented,,,documented,https://pmc.ncbi.nlm.nih.gov/articles/PMC10394194/,2026-07-30,,,
primary_83,VUONG2025_S7_006,threshold_provenance,unresolved,,,unresolved,https://pmc.ncbi.nlm.nih.gov/articles/PMC10394194/,2026-07-30,,,
primary_83,VUONG2025_S7_006,threshold_timing,unresolved,,,unresolved,https://pmc.ncbi.nlm.nih.gov/articles/PMC10394194/,2026-07-30,,,
primary_83,VUONG2025_S7_006,source_access,controlled,,,controlled,https://pmc.ncbi.nlm.nih.gov/articles/PMC10394194/,2026-07-30,,,
primary_83,VUONG2025_S7_006,target_access,controlled,,,controlled,https://pmc.ncbi.nlm.nih.gov/articles/PMC10394194/,2026-07-30,,,
primary_83,VUONG2025_S7_006,reuse_terms,unresolved,,,unresolved,https://pmc.ncbi.nlm.nih.gov/articles/PMC10394194/,2026-07-30,,,
primary_83,VUONG2025_S7_006,code_record,unresolved,,,unresolved,https://pmc.ncbi.nlm.nih.gov/articles/PMC10394194/,2026-07-30,,,
primary_83,VUONG2025_S7_006,fixed_version,unresolved,,,unresolved,https://pmc.ncbi.nlm.nih.gov/articles/PMC10394194/,2026-07-30,,,
primary_83,VUONG2025_S7_006,execution_path,unresolved,,,unresolved,https://pmc.ncbi.nlm.nih.gov/articles/PMC10394194/,2026-07-30,,,
primary_83,VUONG2025_S7_007,target_definition,documented,,,documented,https://pmc.ncbi.nlm.nih.gov/articles/PMC7985725/,2026-07-30,,,
primary_83,VUONG2025_S7_007,effect_modifier,documented,,,documented,https://pmc.ncbi.nlm.nih.gov/articles/PMC7985725/,2026-07-30,,,
primary_83,VUONG2025_S7_007,harmonization,unresolved,,,unresolved,https://pmc.ncbi.nlm.nih.gov/articles/PMC7985725/,2026-07-30,,,
primary_83,VUONG2025_S7_007,overlap,unresolved,,,unresolved,https://pmc.ncbi.nlm.nih.gov/articles/PMC7985725/,2026-07-30,,,
primary_83,VUONG2025_S7_007,target_uncertainty,unresolved,,,unresolved,https://pmc.ncbi.nlm.nih.gov/articles/PMC7985725/,2026-07-30,,,
primary_83,VUONG2025_S7_007,threshold_provenance,unresolved,,,unresolved,https://pmc.ncbi.nlm.nih.gov/articles/PMC7985725/,2026-07-30,,,
primary_83,VUONG2025_S7_007,threshold_timing,unresolved,,,unresolved,https://pmc.ncbi.nlm.nih.gov/articles/PMC7985725/,2026-07-30,,,
primary_83,VUONG2025_S7_007,source_access,unresolved,,,unresolved,https://pmc.ncbi.nlm.nih.gov/articles/PMC7985725/,2026-07-30,,,
primary_83,VUONG2025_S7_007,target_access,unresolved,,,unresolved,https://pmc.ncbi.nlm.nih.gov/articles/PMC7985725/,2026-07-30,,,
primary_83,VUONG2025_S7_007,reuse_terms,unresolved,,,unresolved,https://pmc.ncbi.nlm.nih.gov/articles/PMC7985725/,2026-07-30,,,
primary_83,VUONG2025_S7_007,code_record,unresolved,,,unresolved,https://pmc.ncbi.nlm.nih.gov/articles/PMC7985725/,2026-07-30,,,
primary_83,VUONG2025_S7_007,fixed_version,unresolved,,,unresolved,https://pmc.ncbi.nlm.nih.gov/articles/PMC7985725/,2026-07-30,,,
primary_83,VUONG2025_S7_007,execution_path,unresolved,,,unresolved,https://pmc.ncbi.nlm.nih.gov/articles/PMC7985725/,2026-07-30,,,
primary_83,VUONG2025_S7_008,target_definition,documented,,,documented,https://pmc.ncbi.nlm.nih.gov/articles/PMC5085843/,2026-07-30,,,
primary_83,VUONG2025_S7_008,effect_modifier,documented,,,documented,https://pmc.ncbi.nlm.nih.gov/articles/PMC5085843/,2026-07-30,,,
primary_83,VUONG2025_S7_008,harmonization,unresolved,,,unresolved,https://pmc.ncbi.nlm.nih.gov/articles/PMC5085843/,2026-07-30,,,
primary_83,VUONG2025_S7_008,overlap,documented,,,documented,https://pmc.ncbi.nlm.nih.gov/articles/PMC5085843/,2026-07-30,,,
primary_83,VUONG2025_S7_008,target_uncertainty,unresolved,,,unresolved,https://pmc.ncbi.nlm.nih.gov/articles/PMC5085843/,2026-07-30,,,
primary_83,VUONG2025_S7_008,threshold_provenance,unresolved,,,unresolved,https://pmc.ncbi.nlm.nih.gov/articles/PMC5085843/,2026-07-30,,,
primary_83,VUONG2025_S7_008,threshold_timing,unresolved,,,unresolved,https://pmc.ncbi.nlm.nih.gov/articles/PMC5085843/,2026-07-30,,,
primary_83,VUONG2025_S7_008,source_access,controlled,,,controlled,https://pmc.ncbi.nlm.nih.gov/articles/PMC5085843/,2026-07-30,,,
primary_83,VUONG2025_S7_008,target_access,controlled,,,controlled,https://pmc.ncbi.nlm.nih.gov/articles/PMC5085843/,2026-07-30,,,
primary_83,VUONG2025_S7_008,reuse_terms,unresolved,,,unresolved,https://pmc.ncbi.nlm.nih.gov/articles/PMC5085843/,2026-07-30,,,
primary_83,VUONG2025_S7_008,code_record,unresolved,,,unresolved,https://pmc.ncbi.nlm.nih.gov/articles/PMC5085843/,2026-07-30,,,
primary_83,VUONG2025_S7_008,fixed_version,unresolved,,,unresolved,https://pmc.ncbi.nlm.nih.gov/articles/PMC5085843/,2026-07-30,,,
primary_83,VUONG2025_S7_008,execution_path,unresolved,,,unresolved,https://pmc.ncbi.nlm.nih.gov/articles/PMC5085843/,2026-07-30,,,
primary_83,VUONG2025_S7_009,target_definition,documented,,,documented,https://pmc.ncbi.nlm.nih.gov/articles/PMC6358208/,2026-07-30,,,
primary_83,VUONG2025_S7_009,effect_modifier,documented,,,documented,https://pmc.ncbi.nlm.nih.gov/articles/PMC6358208/,2026-07-30,,,
primary_83,VUONG2025_S7_009,harmonization,unresolved,,,unresolved,https://pmc.ncbi.nlm.nih.gov/articles/PMC6358208/,2026-07-30,,,
primary_83,VUONG2025_S7_009,overlap,documented,,,documented,https://pmc.ncbi.nlm.nih.gov/articles/PMC6358208/,2026-07-30,,,
primary_83,VUONG2025_S7_009,target_uncertainty,documented,,,documented,https://pmc.ncbi.nlm.nih.gov/articles/PMC6358208/,2026-07-30,,,
primary_83,VUONG2025_S7_009,threshold_provenance,documented,,,documented,https://pmc.ncbi.nlm.nih.gov/articles/PMC6358208/,2026-07-30,,,
primary_83,VUONG2025_S7_009,threshold_timing,unresolved,,,unresolved,https://pmc.ncbi.nlm.nih.gov/articles/PMC6358208/,2026-07-30,,,
primary_83,VUONG2025_S7_009,source_access,controlled,,,controlled,https://pmc.ncbi.nlm.nih.gov/articles/PMC6358208/,2026-07-30,,,
primary_83,VUONG2025_S7_009,target_access,public,,,public,https://pmc.ncbi.nlm.nih.gov/articles/PMC6358208/,2026-07-30,,,
primary_83,VUONG2025_S7_009,reuse_terms,unresolved,,,unresolved,https://pmc.ncbi.nlm.nih.gov/articles/PMC6358208/,2026-07-30,,,
primary_83,VUONG2025_S7_009,code_record,unresolved,,,unresolved,https://pmc.ncbi.nlm.nih.gov/articles/PMC6358208/,2026-07-30,,,
primary_83,VUONG2025_S7_009,fixed_version,unresolved,,,unresolved,https://pmc.ncbi.nlm.nih.gov/articles/PMC6358208/,2026-07-30,,,
primary_83,VUONG2025_S7_009,execution_path,unresolved,,,unresolved,https://pmc.ncbi.nlm.nih.gov/articles/PMC6358208/,2026-07-30,,,
primary_83,VUONG2025_S7_010,target_definition,documented,,,documented,https://pmc.ncbi.nlm.nih.gov/articles/PMC6578590/,2026-07-30,,,
primary_83,VUONG2025_S7_010,effect_modifier,documented,,,documented,https://pmc.ncbi.nlm.nih.gov/articles/PMC6578590/,2026-07-30,,,
primary_83,VUONG2025_S7_010,harmonization,unresolved,,,unresolved,https://pmc.ncbi.nlm.nih.gov/articles/PMC6578590/,2026-07-30,,,
primary_83,VUONG2025_S7_010,overlap,documented,,,documented,https://pmc.ncbi.nlm.nih.gov/articles/PMC6578590/,2026-07-30,,,
primary_83,VUONG2025_S7_010,target_uncertainty,unresolved,,,unresolved,https://pmc.ncbi.nlm.nih.gov/articles/PMC6578590/,2026-07-30,,,
primary_83,VUONG2025_S7_010,threshold_provenance,unresolved,,,unresolved,https://pmc.ncbi.nlm.nih.gov/articles/PMC6578590/,2026-07-30,,,
primary_83,VUONG2025_S7_010,threshold_timing,unresolved,,,unresolved,https://pmc.ncbi.nlm.nih.gov/articles/PMC6578590/,2026-07-30,,,
primary_83,VUONG2025_S7_010,source_access,controlled,,,controlled,https://pmc.ncbi.nlm.nih.gov/articles/PMC6578590/,2026-07-30,,,
primary_83,VUONG2025_S7_010,target_access,controlled,,,controlled,https://pmc.ncbi.nlm.nih.gov/articles/PMC6578590/,2026-07-30,,,
primary_83,VUONG2025_S7_010,reuse_terms,unresolved,,,unresolved,https://pmc.ncbi.nlm.nih.gov/articles/PMC6578590/,2026-07-30,,,
primary_83,VUONG2025_S7_010,code_record,unresolved,,,unresolved,https://pmc.ncbi.nlm.nih.gov/articles/PMC6578590/,2026-07-30,,,
primary_83,VUONG2025_S7_010,fixed_version,unresolved,,,unresolved,https://pmc.ncbi.nlm.nih.gov/articles/PMC6578590/,2026-07-30,,,
primary_83,VUONG2025_S7_010,execution_path,unresolved,,,unresolved,https://pmc.ncbi.nlm.nih.gov/articles/PMC6578590/,2026-07-30,,,
primary_83,VUONG2025_S7_011,target_definition,unresolved,,,unresolved,https://doi.org/10.1016/j.jclinepi.2018.12.011,2026-07-30,,,
primary_83,VUONG2025_S7_011,effect_modifier,unresolved,,,unresolved,https://doi.org/10.1016/j.jclinepi.2018.12.011,2026-07-30,,,
primary_83,VUONG2025_S7_011,harmonization,unresolved,,,unresolved,https://doi.org/10.1016/j.jclinepi.2018.12.011,2026-07-30,,,
primary_83,VUONG2025_S7_011,overlap,unresolved,,,unresolved,https://doi.org/10.1016/j.jclinepi.2018.12.011,2026-07-30,,,
primary_83,VUONG2025_S7_011,target_uncertainty,unresolved,,,unresolved,https://doi.org/10.1016/j.jclinepi.2018.12.011,2026-07-30,,,
primary_83,VUONG2025_S7_011,threshold_provenance,unresolved,,,unresolved,https://doi.org/10.1016/j.jclinepi.2018.12.011,2026-07-30,,,
primary_83,VUONG2025_S7_011,threshold_timing,unresolved,,,unresolved,https://doi.org/10.1016/j.jclinepi.2018.12.011,2026-07-30,,,
primary_83,VUONG2025_S7_011,source_access,unresolved,,,unresolved,https://doi.org/10.1016/j.jclinepi.2018.12.011,2026-07-30,,,
primary_83,VUONG2025_S7_011,target_access,unresolved,,,unresolved,https://doi.org/10.1016/j.jclinepi.2018.12.011,2026-07-30,,,
primary_83,VUONG2025_S7_011,reuse_terms,unresolved,,,unresolved,https://doi.org/10.1016/j.jclinepi.2018.12.011,2026-07-30,,,
primary_83,VUONG2025_S7_011,code_record,unresolved,,,unresolved,https://doi.org/10.1016/j.jclinepi.2018.12.011,2026-07-30,,,
primary_83,VUONG2025_S7_011,fixed_version,unresolved,,,unresolved,https://doi.org/10.1016/j.jclinepi.2018.12.011,2026-07-30,,,
primary_83,VUONG2025_S7_011,execution_path,unresolved,,,unresolved,https://doi.org/10.1016/j.jclinepi.2018.12.011,2026-07-30,,,
primary_83,VUONG2025_S7_012,target_definition,unresolved,,,unresolved,https://doi.org/10.1177/1403494819890784,2026-07-30,,,
primary_83,VUONG2025_S7_012,effect_modifier,unresolved,,,unresolved,https://doi.org/10.1177/1403494819890784,2026-07-30,,,
primary_83,VUONG2025_S7_012,harmonization,unresolved,,,unresolved,https://doi.org/10.1177/1403494819890784,2026-07-30,,,
primary_83,VUONG2025_S7_012,overlap,unresolved,,,unresolved,https://doi.org/10.1177/1403494819890784,2026-07-30,,,
primary_83,VUONG2025_S7_012,target_uncertainty,unresolved,,,unresolved,https://doi.org/10.1177/1403494819890784,2026-07-30,,,
primary_83,VUONG2025_S7_012,threshold_provenance,unresolved,,,unresolved,https://doi.org/10.1177/1403494819890784,2026-07-30,,,
primary_83,VUONG2025_S7_012,threshold_timing,unresolved,,,unresolved,https://doi.org/10.1177/1403494819890784,2026-07-30,,,
primary_83,VUONG2025_S7_012,source_access,unresolved,,,unresolved,https://doi.org/10.1177/1403494819890784,2026-07-30,,,
primary_83,VUONG2025_S7_012,target_access,unresolved,,,unresolved,https://doi.org/10.1177/1403494819890784,2026-07-30,,,
primary_83,VUONG2025_S7_012,reuse_terms,unresolved,,,unresolved,https://doi.org/10.1177/1403494819890784,2026-07-30,,,
primary_83,VUONG2025_S7_012,code_record,unresolved,,,unresolved,https://doi.org/10.1177/1403494819890784,2026-07-30,,,
primary_83,VUONG2025_S7_012,fixed_version,unresolved,,,unresolved,https://doi.org/10.1177/1403494819890784,2026-07-30,,,
primary_83,VUONG2025_S7_012,execution_path,unresolved,,,unresolved,https://doi.org/10.1177/1403494819890784,2026-07-30,,,
primary_83,VUONG2025_S7_013,target_definition,documented,,,documented,https://pmc.ncbi.nlm.nih.gov/articles/PMC8237350/,2026-07-30,,,
primary_83,VUONG2025_S7_013,effect_modifier,documented,,,documented,https://pmc.ncbi.nlm.nih.gov/articles/PMC8237350/,2026-07-30,,,
primary_83,VUONG2025_S7_013,harmonization,unresolved,,,unresolved,https://pmc.ncbi.nlm.nih.gov/articles/PMC8237350/,2026-07-30,,,
primary_83,VUONG2025_S7_013,overlap,unresolved,,,unresolved,https://pmc.ncbi.nlm.nih.gov/articles/PMC8237350/,2026-07-30,,,
primary_83,VUONG2025_S7_013,target_uncertainty,documented,,,documented,https://pmc.ncbi.nlm.nih.gov/articles/PMC8237350/,2026-07-30,,,
primary_83,VUONG2025_S7_013,threshold_provenance,unresolved,,,unresolved,https://pmc.ncbi.nlm.nih.gov/articles/PMC8237350/,2026-07-30,,,
primary_83,VUONG2025_S7_013,threshold_timing,unresolved,,,unresolved,https://pmc.ncbi.nlm.nih.gov/articles/PMC8237350/,2026-07-30,,,
primary_83,VUONG2025_S7_013,source_access,controlled,,,controlled,https://pmc.ncbi.nlm.nih.gov/articles/PMC8237350/,2026-07-30,,,
primary_83,VUONG2025_S7_013,target_access,controlled,,,controlled,https://pmc.ncbi.nlm.nih.gov/articles/PMC8237350/,2026-07-30,,,
primary_83,VUONG2025_S7_013,reuse_terms,unresolved,,,unresolved,https://pmc.ncbi.nlm.nih.gov/articles/PMC8237350/,2026-07-30,,,
primary_83,VUONG2025_S7_013,code_record,unresolved,,,unresolved,https://pmc.ncbi.nlm.nih.gov/articles/PMC8237350/,2026-07-30,,,
primary_83,VUONG2025_S7_013,fixed_version,unresolved,,,unresolved,https://pmc.ncbi.nlm.nih.gov/articles/PMC8237350/,2026-07-30,,,
primary_83,VUONG2025_S7_013,execution_path,unresolved,,,unresolved,https://pmc.ncbi.nlm.nih.gov/articles/PMC8237350/,2026-07-30,,,
primary_83,VUONG2025_S7_014,target_definition,documented,,,documented,https://pmc.ncbi.nlm.nih.gov/articles/PMC13005602/,2026-07-30,,,
primary_83,VUONG2025_S7_014,effect_modifier,documented,,,documented,https://pmc.ncbi.nlm.nih.gov/articles/PMC13005602/,2026-07-30,,,
primary_83,VUONG2025_S7_014,harmonization,partial,,,partial,https://pmc.ncbi.nlm.nih.gov/articles/PMC13005602/,2026-07-30,,,
primary_83,VUONG2025_S7_014,overlap,documented,,,documented,https://pmc.ncbi.nlm.nih.gov/articles/PMC13005602/,2026-07-30,,,
primary_83,VUONG2025_S7_014,target_uncertainty,documented,,,documented,https://pmc.ncbi.nlm.nih.gov/articles/PMC13005602/,2026-07-30,,,
primary_83,VUONG2025_S7_014,threshold_provenance,partial,,,partial,https://pmc.ncbi.nlm.nih.gov/articles/PMC13005602/,2026-07-30,,,
primary_83,VUONG2025_S7_014,threshold_timing,not_documented,,,not_documented,https://pmc.ncbi.nlm.nih.gov/articles/PMC13005602/,2026-07-30,,,
primary_83,VUONG2025_S7_014,source_access,controlled,,,controlled,https://pmc.ncbi.nlm.nih.gov/articles/PMC13005602/,2026-07-30,,,
primary_83,VUONG2025_S7_014,target_access,public,,,public,https://pmc.ncbi.nlm.nih.gov/articles/PMC13005602/,2026-07-30,,,
primary_83,VUONG2025_S7_014,reuse_terms,not_documented,,,not_documented,https://github.com/Zhiqiangcao/RCode_transportability,2026-07-30,,,
primary_83,VUONG2025_S7_014,code_record,documented,,,documented,https://github.com/Zhiqiangcao/RCode_transportability,2026-07-30,,,
primary_83,VUONG2025_S7_014,fixed_version,not_verified,,,not_verified,https://github.com/Zhiqiangcao/RCode_transportability,2026-07-30,,,
primary_83,VUONG2025_S7_014,execution_path,not_self_contained,,,not_self_contained,https://github.com/Zhiqiangcao/RCode_transportability,2026-07-30,,,
primary_83,VUONG2025_S7_015,target_definition,unresolved,,,unresolved,https://doi.org/10.1080/00031305.2023.2267598,2026-07-30,,,
primary_83,VUONG2025_S7_015,effect_modifier,unresolved,,,unresolved,https://doi.org/10.1080/00031305.2023.2267598,2026-07-30,,,
primary_83,VUONG2025_S7_015,harmonization,unresolved,,,unresolved,https://doi.org/10.1080/00031305.2023.2267598,2026-07-30,,,
primary_83,VUONG2025_S7_015,overlap,unresolved,,,unresolved,https://doi.org/10.1080/00031305.2023.2267598,2026-07-30,,,
primary_83,VUONG2025_S7_015,target_uncertainty,unresolved,,,unresolved,https://doi.org/10.1080/00031305.2023.2267598,2026-07-30,,,
primary_83,VUONG2025_S7_015,threshold_provenance,unresolved,,,unresolved,https://doi.org/10.1080/00031305.2023.2267598,2026-07-30,,,
primary_83,VUONG2025_S7_015,threshold_timing,unresolved,,,unresolved,https://doi.org/10.1080/00031305.2023.2267598,2026-07-30,,,
primary_83,VUONG2025_S7_015,source_access,unresolved,,,unresolved,https://doi.org/10.1080/00031305.2023.2267598,2026-07-30,,,
primary_83,VUONG2025_S7_015,target_access,unresolved,,,unresolved,https://doi.org/10.1080/00031305.2023.2267598,2026-07-30,,,
primary_83,VUONG2025_S7_015,reuse_terms,unresolved,,,unresolved,https://doi.org/10.1080/00031305.2023.2267598,2026-07-30,,,
primary_83,VUONG2025_S7_015,code_record,unresolved,,,unresolved,https://doi.org/10.1080/00031305.2023.2267598,2026-07-30,,,
primary_83,VUONG2025_S7_015,fixed_version,unresolved,,,unresolved,https://doi.org/10.1080/00031305.2023.2267598,2026-07-30,,,
primary_83,VUONG2025_S7_015,execution_path,unresolved,,,unresolved,https://doi.org/10.1080/00031305.2023.2267598,2026-07-30,,,
primary_83,VUONG2025_S7_016,target_definition,unresolved,,,unresolved,https://doi.org/10.1080/00031305.2023.2267598,2026-07-30,,,
primary_83,VUONG2025_S7_016,effect_modifier,unresolved,,,unresolved,https://doi.org/10.1080/00031305.2023.2267598,2026-07-30,,,
primary_83,VUONG2025_S7_016,harmonization,unresolved,,,unresolved,https://doi.org/10.1080/00031305.2023.2267598,2026-07-30,,,
primary_83,VUONG2025_S7_016,overlap,unresolved,,,unresolved,https://doi.org/10.1080/00031305.2023.2267598,2026-07-30,,,
primary_83,VUONG2025_S7_016,target_uncertainty,unresolved,,,unresolved,https://doi.org/10.1080/00031305.2023.2267598,2026-07-30,,,
primary_83,VUONG2025_S7_016,threshold_provenance,unresolved,,,unresolved,https://doi.org/10.1080/00031305.2023.2267598,2026-07-30,,,
primary_83,VUONG2025_S7_016,threshold_timing,unresolved,,,unresolved,https://doi.org/10.1080/00031305.2023.2267598,2026-07-30,,,
primary_83,VUONG2025_S7_016,source_access,unresolved,,,unresolved,https://doi.org/10.1080/00031305.2023.2267598,2026-07-30,,,
primary_83,VUONG2025_S7_016,target_access,unresolved,,,unresolved,https://doi.org/10.1080/00031305.2023.2267598,2026-07-30,,,
primary_83,VUONG2025_S7_016,reuse_terms,unresolved,,,unresolved,https://doi.org/10.1080/00031305.2023.2267598,2026-07-30,,,
primary_83,VUONG2025_S7_016,code_record,unresolved,,,unresolved,https://doi.org/10.1080/00031305.2023.2267598,2026-07-30,,,
primary_83,VUONG2025_S7_016,fixed_version,unresolved,,,unresolved,https://doi.org/10.1080/00031305.2023.2267598,2026-07-30,,,
primary_83,VUONG2025_S7_016,execution_path,unresolved,,,unresolved,https://doi.org/10.1080/00031305.2023.2267598,2026-07-30,,,
primary_83,VUONG2025_S7_017,target_definition,unresolved,,,unresolved,https://doi.org/10.1080/00031305.2023.2267598,2026-07-30,,,
primary_83,VUONG2025_S7_017,effect_modifier,unresolved,,,unresolved,https://doi.org/10.1080/00031305.2023.2267598,2026-07-30,,,
primary_83,VUONG2025_S7_017,harmonization,unresolved,,,unresolved,https://doi.org/10.1080/00031305.2023.2267598,2026-07-30,,,
primary_83,VUONG2025_S7_017,overlap,unresolved,,,unresolved,https://doi.org/10.1080/00031305.2023.2267598,2026-07-30,,,
primary_83,VUONG2025_S7_017,target_uncertainty,unresolved,,,unresolved,https://doi.org/10.1080/00031305.2023.2267598,2026-07-30,,,
primary_83,VUONG2025_S7_017,threshold_provenance,unresolved,,,unresolved,https://doi.org/10.1080/00031305.2023.2267598,2026-07-30,,,
primary_83,VUONG2025_S7_017,threshold_timing,unresolved,,,unresolved,https://doi.org/10.1080/00031305.2023.2267598,2026-07-30,,,
primary_83,VUONG2025_S7_017,source_access,unresolved,,,unresolved,https://doi.org/10.1080/00031305.2023.2267598,2026-07-30,,,
primary_83,VUONG2025_S7_017,target_access,unresolved,,,unresolved,https://doi.org/10.1080/00031305.2023.2267598,2026-07-30,,,
primary_83,VUONG2025_S7_017,reuse_terms,unresolved,,,unresolved,https://doi.org/10.1080/00031305.2023.2267598,2026-07-30,,,
primary_83,VUONG2025_S7_017,code_record,unresolved,,,unresolved,https://doi.org/10.1080/00031305.2023.2267598,2026-07-30,,,
primary_83,VUONG2025_S7_017,fixed_version,unresolved,,,unresolved,https://doi.org/10.1080/00031305.2023.2267598,2026-07-30,,,
primary_83,VUONG2025_S7_017,execution_path,unresolved,,,unresolved,https://doi.org/10.1080/00031305.2023.2267598,2026-07-30,,,
primary_83,VUONG2025_S7_018,target_definition,unresolved,,,unresolved,https://doi.org/10.1007/s10654-020-00687-4,2026-07-30,,,
primary_83,VUONG2025_S7_018,effect_modifier,unresolved,,,unresolved,https://doi.org/10.1007/s10654-020-00687-4,2026-07-30,,,
primary_83,VUONG2025_S7_018,harmonization,unresolved,,,unresolved,https://doi.org/10.1007/s10654-020-00687-4,2026-07-30,,,
primary_83,VUONG2025_S7_018,overlap,unresolved,,,unresolved,https://doi.org/10.1007/s10654-020-00687-4,2026-07-30,,,
primary_83,VUONG2025_S7_018,target_uncertainty,unresolved,,,unresolved,https://doi.org/10.1007/s10654-020-00687-4,2026-07-30,,,
primary_83,VUONG2025_S7_018,threshold_provenance,unresolved,,,unresolved,https://doi.org/10.1007/s10654-020-00687-4,2026-07-30,,,
primary_83,VUONG2025_S7_018,threshold_timing,unresolved,,,unresolved,https://doi.org/10.1007/s10654-020-00687-4,2026-07-30,,,
primary_83,VUONG2025_S7_018,source_access,unresolved,,,unresolved,https://doi.org/10.1007/s10654-020-00687-4,2026-07-30,,,
primary_83,VUONG2025_S7_018,target_access,unresolved,,,unresolved,https://doi.org/10.1007/s10654-020-00687-4,2026-07-30,,,
primary_83,VUONG2025_S7_018,reuse_terms,unresolved,,,unresolved,https://doi.org/10.1007/s10654-020-00687-4,2026-07-30,,,
primary_83,VUONG2025_S7_018,code_record,unresolved,,,unresolved,https://doi.org/10.1007/s10654-020-00687-4,2026-07-30,,,
primary_83,VUONG2025_S7_018,fixed_version,unresolved,,,unresolved,https://doi.org/10.1007/s10654-020-00687-4,2026-07-30,,,
primary_83,VUONG2025_S7_018,execution_path,unresolved,,,unresolved,https://doi.org/10.1007/s10654-020-00687-4,2026-07-30,,,
primary_83,VUONG2025_S7_019,target_definition,unresolved,,,unresolved,https://doi.org/10.1007/s10654-020-00687-4,2026-07-30,,,
primary_83,VUONG2025_S7_019,effect_modifier,unresolved,,,unresolved,https://doi.org/10.1007/s10654-020-00687-4,2026-07-30,,,
primary_83,VUONG2025_S7_019,harmonization,unresolved,,,unresolved,https://doi.org/10.1007/s10654-020-00687-4,2026-07-30,,,
primary_83,VUONG2025_S7_019,overlap,unresolved,,,unresolved,https://doi.org/10.1007/s10654-020-00687-4,2026-07-30,,,
primary_83,VUONG2025_S7_019,target_uncertainty,unresolved,,,unresolved,https://doi.org/10.1007/s10654-020-00687-4,2026-07-30,,,
primary_83,VUONG2025_S7_019,threshold_provenance,unresolved,,,unresolved,https://doi.org/10.1007/s10654-020-00687-4,2026-07-30,,,
primary_83,VUONG2025_S7_019,threshold_timing,unresolved,,,unresolved,https://doi.org/10.1007/s10654-020-00687-4,2026-07-30,,,
primary_83,VUONG2025_S7_019,source_access,unresolved,,,unresolved,https://doi.org/10.1007/s10654-020-00687-4,2026-07-30,,,
primary_83,VUONG2025_S7_019,target_access,unresolved,,,unresolved,https://doi.org/10.1007/s10654-020-00687-4,2026-07-30,,,
primary_83,VUONG2025_S7_019,reuse_terms,unresolved,,,unresolved,https://doi.org/10.1007/s10654-020-00687-4,2026-07-30,,,
primary_83,VUONG2025_S7_019,code_record,unresolved,,,unresolved,https://doi.org/10.1007/s10654-020-00687-4,2026-07-30,,,
primary_83,VUONG2025_S7_019,fixed_version,unresolved,,,unresolved,https://doi.org/10.1007/s10654-020-00687-4,2026-07-30,,,
primary_83,VUONG2025_S7_019,execution_path,unresolved,,,unresolved,https://doi.org/10.1007/s10654-020-00687-4,2026-07-30,,,
primary_83,VUONG2025_S7_020,target_definition,partial,,,partial,https://arxiv.org/abs/2105.10060,2026-07-30,,,
primary_83,VUONG2025_S7_020,effect_modifier,documented,,,documented,https://arxiv.org/abs/2105.10060,2026-07-30,,,
primary_83,VUONG2025_S7_020,harmonization,not_documented,,,not_documented,https://arxiv.org/abs/2105.10060,2026-07-30,,,
primary_83,VUONG2025_S7_020,overlap,documented,,,documented,https://arxiv.org/abs/2105.10060,2026-07-30,,,
primary_83,VUONG2025_S7_020,target_uncertainty,documented,,,documented,https://arxiv.org/abs/2105.10060,2026-07-30,,,
primary_83,VUONG2025_S7_020,threshold_provenance,partial,,,partial,https://arxiv.org/abs/2105.10060,2026-07-30,,,
primary_83,VUONG2025_S7_020,threshold_timing,not_documented,,,not_documented,https://arxiv.org/abs/2105.10060,2026-07-30,,,
primary_83,VUONG2025_S7_020,source_access,unclear,,,unclear,https://arxiv.org/abs/2105.10060,2026-07-30,,,
primary_83,VUONG2025_S7_020,target_access,public,,,public,https://arxiv.org/abs/2105.10060,2026-07-30,,,
primary_83,VUONG2025_S7_020,reuse_terms,not_documented,,,not_documented,https://arxiv.org/abs/2105.10060,2026-07-30,,,
primary_83,VUONG2025_S7_020,code_record,not_documented,,,not_documented,https://arxiv.org/abs/2105.10060,2026-07-30,,,
primary_83,VUONG2025_S7_020,fixed_version,not_applicable,,,not_applicable,https://arxiv.org/abs/2105.10060,2026-07-30,,,
primary_83,VUONG2025_S7_020,execution_path,not_applicable,,,not_applicable,https://arxiv.org/abs/2105.10060,2026-07-30,,,
primary_83,VUONG2025_S7_021,target_definition,partial,,,partial,https://arxiv.org/abs/2105.10060,2026-07-30,,,
primary_83,VUONG2025_S7_021,effect_modifier,documented,,,documented,https://arxiv.org/abs/2105.10060,2026-07-30,,,
primary_83,VUONG2025_S7_021,harmonization,not_documented,,,not_documented,https://arxiv.org/abs/2105.10060,2026-07-30,,,
primary_83,VUONG2025_S7_021,overlap,documented,,,documented,https://arxiv.org/abs/2105.10060,2026-07-30,,,
primary_83,VUONG2025_S7_021,target_uncertainty,documented,,,documented,https://arxiv.org/abs/2105.10060,2026-07-30,,,
primary_83,VUONG2025_S7_021,threshold_provenance,partial,,,partial,https://arxiv.org/abs/2105.10060,2026-07-30,,,
primary_83,VUONG2025_S7_021,threshold_timing,not_documented,,,not_documented,https://arxiv.org/abs/2105.10060,2026-07-30,,,
primary_83,VUONG2025_S7_021,source_access,unclear,,,unclear,https://arxiv.org/abs/2105.10060,2026-07-30,,,
primary_83,VUONG2025_S7_021,target_access,public,,,public,https://arxiv.org/abs/2105.10060,2026-07-30,,,
primary_83,VUONG2025_S7_021,reuse_terms,not_documented,,,not_documented,https://arxiv.org/abs/2105.10060,2026-07-30,,,
primary_83,VUONG2025_S7_021,code_record,not_documented,,,not_documented,https://arxiv.org/abs/2105.10060,2026-07-30,,,
primary_83,VUONG2025_S7_021,fixed_version,not_applicable,,,not_applicable,https://arxiv.org/abs/2105.10060,2026-07-30,,,
primary_83,VUONG2025_S7_021,execution_path,not_applicable,,,not_applicable,https://arxiv.org/abs/2105.10060,2026-07-30,,,
primary_83,VUONG2025_S7_022,target_definition,documented,,,documented,https://pmc.ncbi.nlm.nih.gov/articles/PMC2915476/,2026-07-30,,,
primary_83,VUONG2025_S7_022,effect_modifier,documented,,,documented,https://pmc.ncbi.nlm.nih.gov/articles/PMC2915476/,2026-07-30,,,
primary_83,VUONG2025_S7_022,harmonization,partial,,,partial,https://pmc.ncbi.nlm.nih.gov/articles/PMC2915476/,2026-07-30,,,
primary_83,VUONG2025_S7_022,overlap,documented,,,documented,https://pmc.ncbi.nlm.nih.gov/articles/PMC2915476/,2026-07-30,,,
primary_83,VUONG2025_S7_022,target_uncertainty,partial,,,partial,https://pmc.ncbi.nlm.nih.gov/articles/PMC2915476/,2026-07-30,,,
primary_83,VUONG2025_S7_022,threshold_provenance,partial,,,partial,https://pmc.ncbi.nlm.nih.gov/articles/PMC2915476/,2026-07-30,,,
primary_83,VUONG2025_S7_022,threshold_timing,not_documented,,,not_documented,https://pmc.ncbi.nlm.nih.gov/articles/PMC2915476/,2026-07-30,,,
primary_83,VUONG2025_S7_022,source_access,controlled,,,controlled,https://pmc.ncbi.nlm.nih.gov/articles/PMC2915476/,2026-07-30,,,
primary_83,VUONG2025_S7_022,target_access,controlled,,,controlled,https://pmc.ncbi.nlm.nih.gov/articles/PMC2915476/,2026-07-30,,,
primary_83,VUONG2025_S7_022,reuse_terms,not_documented,,,not_documented,https://pmc.ncbi.nlm.nih.gov/articles/PMC2915476/,2026-07-30,,,
primary_83,VUONG2025_S7_022,code_record,not_documented,,,not_documented,https://pmc.ncbi.nlm.nih.gov/articles/PMC2915476/,2026-07-30,,,
primary_83,VUONG2025_S7_022,fixed_version,not_applicable,,,not_applicable,https://pmc.ncbi.nlm.nih.gov/articles/PMC2915476/,2026-07-30,,,
primary_83,VUONG2025_S7_022,execution_path,not_applicable,,,not_applicable,https://pmc.ncbi.nlm.nih.gov/articles/PMC2915476/,2026-07-30,,,
primary_83,VUONG2025_S7_023,target_definition,documented,,,documented,https://pmc.ncbi.nlm.nih.gov/articles/PMC9930351/,2026-07-30,,,
primary_83,VUONG2025_S7_023,effect_modifier,documented,,,documented,https://pmc.ncbi.nlm.nih.gov/articles/PMC9930351/,2026-07-30,,,
primary_83,VUONG2025_S7_023,harmonization,documented,,,documented,https://pmc.ncbi.nlm.nih.gov/articles/PMC9930351/,2026-07-30,,,
primary_83,VUONG2025_S7_023,overlap,documented,,,documented,https://pmc.ncbi.nlm.nih.gov/articles/PMC9930351/,2026-07-30,,,
primary_83,VUONG2025_S7_023,target_uncertainty,partial,,,partial,https://pmc.ncbi.nlm.nih.gov/articles/PMC9930351/,2026-07-30,,,
primary_83,VUONG2025_S7_023,threshold_provenance,partial,,,partial,https://pmc.ncbi.nlm.nih.gov/articles/PMC9930351/,2026-07-30,,,
primary_83,VUONG2025_S7_023,threshold_timing,not_documented,,,not_documented,https://pmc.ncbi.nlm.nih.gov/articles/PMC9930351/,2026-07-30,,,
primary_83,VUONG2025_S7_023,source_access,controlled,,,controlled,https://pmc.ncbi.nlm.nih.gov/articles/PMC9930351/,2026-07-30,,,
primary_83,VUONG2025_S7_023,target_access,public,,,public,https://pmc.ncbi.nlm.nih.gov/articles/PMC9930351/,2026-07-30,,,
primary_83,VUONG2025_S7_023,reuse_terms,not_documented,,,not_documented,https://pmc.ncbi.nlm.nih.gov/articles/PMC9930351/,2026-07-30,,,
primary_83,VUONG2025_S7_023,code_record,not_documented,,,not_documented,https://pmc.ncbi.nlm.nih.gov/articles/PMC9930351/,2026-07-30,,,
primary_83,VUONG2025_S7_023,fixed_version,not_applicable,,,not_applicable,https://pmc.ncbi.nlm.nih.gov/articles/PMC9930351/,2026-07-30,,,
primary_83,VUONG2025_S7_023,execution_path,not_applicable,,,not_applicable,https://pmc.ncbi.nlm.nih.gov/articles/PMC9930351/,2026-07-30,,,
primary_83,VUONG2025_S7_024,target_definition,documented,,,documented,https://pmc.ncbi.nlm.nih.gov/articles/PMC9930351/,2026-07-30,,,
primary_83,VUONG2025_S7_024,effect_modifier,documented,,,documented,https://pmc.ncbi.nlm.nih.gov/articles/PMC9930351/,2026-07-30,,,
primary_83,VUONG2025_S7_024,harmonization,documented,,,documented,https://pmc.ncbi.nlm.nih.gov/articles/PMC9930351/,2026-07-30,,,
primary_83,VUONG2025_S7_024,overlap,documented,,,documented,https://pmc.ncbi.nlm.nih.gov/articles/PMC9930351/,2026-07-30,,,
primary_83,VUONG2025_S7_024,target_uncertainty,partial,,,partial,https://pmc.ncbi.nlm.nih.gov/articles/PMC9930351/,2026-07-30,,,
primary_83,VUONG2025_S7_024,threshold_provenance,partial,,,partial,https://pmc.ncbi.nlm.nih.gov/articles/PMC9930351/,2026-07-30,,,
primary_83,VUONG2025_S7_024,threshold_timing,not_documented,,,not_documented,https://pmc.ncbi.nlm.nih.gov/articles/PMC9930351/,2026-07-30,,,
primary_83,VUONG2025_S7_024,source_access,controlled,,,controlled,https://pmc.ncbi.nlm.nih.gov/articles/PMC9930351/,2026-07-30,,,
primary_83,VUONG2025_S7_024,target_access,public,,,public,https://pmc.ncbi.nlm.nih.gov/articles/PMC9930351/,2026-07-30,,,
primary_83,VUONG2025_S7_024,reuse_terms,not_documented,,,not_documented,https://pmc.ncbi.nlm.nih.gov/articles/PMC9930351/,2026-07-30,,,
primary_83,VUONG2025_S7_024,code_record,not_documented,,,not_documented,https://pmc.ncbi.nlm.nih.gov/articles/PMC9930351/,2026-07-30,,,
primary_83,VUONG2025_S7_024,fixed_version,not_applicable,,,not_applicable,https://pmc.ncbi.nlm.nih.gov/articles/PMC9930351/,2026-07-30,,,
primary_83,VUONG2025_S7_024,execution_path,not_applicable,,,not_applicable,https://pmc.ncbi.nlm.nih.gov/articles/PMC9930351/,2026-07-30,,,
primary_83,VUONG2025_S7_025,target_definition,documented,,,documented,https://pmc.ncbi.nlm.nih.gov/articles/PMC9930351/,2026-07-30,,,
primary_83,VUONG2025_S7_025,effect_modifier,documented,,,documented,https://pmc.ncbi.nlm.nih.gov/articles/PMC9930351/,2026-07-30,,,
primary_83,VUONG2025_S7_025,harmonization,documented,,,documented,https://pmc.ncbi.nlm.nih.gov/articles/PMC9930351/,2026-07-30,,,
primary_83,VUONG2025_S7_025,overlap,documented,,,documented,https://pmc.ncbi.nlm.nih.gov/articles/PMC9930351/,2026-07-30,,,
primary_83,VUONG2025_S7_025,target_uncertainty,partial,,,partial,https://pmc.ncbi.nlm.nih.gov/articles/PMC9930351/,2026-07-30,,,
primary_83,VUONG2025_S7_025,threshold_provenance,partial,,,partial,https://pmc.ncbi.nlm.nih.gov/articles/PMC9930351/,2026-07-30,,,
primary_83,VUONG2025_S7_025,threshold_timing,not_documented,,,not_documented,https://pmc.ncbi.nlm.nih.gov/articles/PMC9930351/,2026-07-30,,,
primary_83,VUONG2025_S7_025,source_access,controlled,,,controlled,https://pmc.ncbi.nlm.nih.gov/articles/PMC9930351/,2026-07-30,,,
primary_83,VUONG2025_S7_025,target_access,controlled,,,controlled,https://pmc.ncbi.nlm.nih.gov/articles/PMC9930351/,2026-07-30,,,
primary_83,VUONG2025_S7_025,reuse_terms,not_documented,,,not_documented,https://pmc.ncbi.nlm.nih.gov/articles/PMC9930351/,2026-07-30,,,
primary_83,VUONG2025_S7_025,code_record,not_documented,,,not_documented,https://pmc.ncbi.nlm.nih.gov/articles/PMC9930351/,2026-07-30,,,
primary_83,VUONG2025_S7_025,fixed_version,not_applicable,,,not_applicable,https://pmc.ncbi.nlm.nih.gov/articles/PMC9930351/,2026-07-30,,,
primary_83,VUONG2025_S7_025,execution_path,not_applicable,,,not_applicable,https://pmc.ncbi.nlm.nih.gov/articles/PMC9930351/,2026-07-30,,,
primary_83,VUONG2025_S7_026,target_definition,documented,,,documented,https://pmc.ncbi.nlm.nih.gov/articles/PMC10938232/,2026-07-30,,,
primary_83,VUONG2025_S7_026,effect_modifier,documented,,,documented,https://pmc.ncbi.nlm.nih.gov/articles/PMC10938232/,2026-07-30,,,
primary_83,VUONG2025_S7_026,harmonization,unresolved,,,unresolved,https://pmc.ncbi.nlm.nih.gov/articles/PMC10938232/,2026-07-30,,,
primary_83,VUONG2025_S7_026,overlap,unresolved,,,unresolved,https://pmc.ncbi.nlm.nih.gov/articles/PMC10938232/,2026-07-30,,,
primary_83,VUONG2025_S7_026,target_uncertainty,documented,,,documented,https://pmc.ncbi.nlm.nih.gov/articles/PMC10938232/,2026-07-30,,,
primary_83,VUONG2025_S7_026,threshold_provenance,unresolved,,,unresolved,https://pmc.ncbi.nlm.nih.gov/articles/PMC10938232/,2026-07-30,,,
primary_83,VUONG2025_S7_026,threshold_timing,unresolved,,,unresolved,https://pmc.ncbi.nlm.nih.gov/articles/PMC10938232/,2026-07-30,,,
primary_83,VUONG2025_S7_026,source_access,controlled,,,controlled,https://pmc.ncbi.nlm.nih.gov/articles/PMC10938232/,2026-07-30,,,
primary_83,VUONG2025_S7_026,target_access,controlled,,,controlled,https://pmc.ncbi.nlm.nih.gov/articles/PMC10938232/,2026-07-30,,,
primary_83,VUONG2025_S7_026,reuse_terms,unresolved,,,unresolved,https://pmc.ncbi.nlm.nih.gov/articles/PMC10938232/,2026-07-30,,,
primary_83,VUONG2025_S7_026,code_record,unresolved,,,unresolved,https://pmc.ncbi.nlm.nih.gov/articles/PMC10938232/,2026-07-30,,,
primary_83,VUONG2025_S7_026,fixed_version,unresolved,,,unresolved,https://pmc.ncbi.nlm.nih.gov/articles/PMC10938232/,2026-07-30,,,
primary_83,VUONG2025_S7_026,execution_path,unresolved,,,unresolved,https://pmc.ncbi.nlm.nih.gov/articles/PMC10938232/,2026-07-30,,,
primary_83,VUONG2025_S7_027,target_definition,documented,,,documented,https://arxiv.org/abs/1805.00550,2026-07-30,,,
primary_83,VUONG2025_S7_027,effect_modifier,documented,,,documented,https://arxiv.org/abs/1805.00550,2026-07-30,,,
primary_83,VUONG2025_S7_027,harmonization,partial,,,partial,https://arxiv.org/abs/1805.00550,2026-07-30,,,
primary_83,VUONG2025_S7_027,overlap,partial,,,partial,https://arxiv.org/abs/1805.00550,2026-07-30,,,
primary_83,VUONG2025_S7_027,target_uncertainty,documented,,,documented,https://arxiv.org/abs/1805.00550,2026-07-30,,,
primary_83,VUONG2025_S7_027,threshold_provenance,partial,,,partial,https://arxiv.org/abs/1805.00550,2026-07-30,,,
primary_83,VUONG2025_S7_027,threshold_timing,not_documented,,,not_documented,https://arxiv.org/abs/1805.00550,2026-07-30,,,
primary_83,VUONG2025_S7_027,source_access,controlled,,,controlled,https://arxiv.org/abs/1805.00550,2026-07-30,,,
primary_83,VUONG2025_S7_027,target_access,controlled,,,controlled,https://arxiv.org/abs/1805.00550,2026-07-30,,,
primary_83,VUONG2025_S7_027,reuse_terms,not_documented,,,not_documented,https://arxiv.org/abs/1805.00550,2026-07-30,,,
primary_83,VUONG2025_S7_027,code_record,not_documented,,,not_documented,https://arxiv.org/abs/1805.00550,2026-07-30,,,
primary_83,VUONG2025_S7_027,fixed_version,not_applicable,,,not_applicable,https://arxiv.org/abs/1805.00550,2026-07-30,,,
primary_83,VUONG2025_S7_027,execution_path,not_applicable,,,not_applicable,https://arxiv.org/abs/1805.00550,2026-07-30,,,
primary_83,VUONG2025_S7_028,target_definition,unresolved,,,unresolved,https://pmc.ncbi.nlm.nih.gov/articles/PMC9066547/,2026-07-30,,,
primary_83,VUONG2025_S7_028,effect_modifier,documented,,,documented,https://pmc.ncbi.nlm.nih.gov/articles/PMC9066547/,2026-07-30,,,
primary_83,VUONG2025_S7_028,harmonization,unresolved,,,unresolved,https://pmc.ncbi.nlm.nih.gov/articles/PMC9066547/,2026-07-30,,,
primary_83,VUONG2025_S7_028,overlap,unresolved,,,unresolved,https://pmc.ncbi.nlm.nih.gov/articles/PMC9066547/,2026-07-30,,,
primary_83,VUONG2025_S7_028,target_uncertainty,documented,,,documented,https://pmc.ncbi.nlm.nih.gov/articles/PMC9066547/,2026-07-30,,,
primary_83,VUONG2025_S7_028,threshold_provenance,unresolved,,,unresolved,https://pmc.ncbi.nlm.nih.gov/articles/PMC9066547/,2026-07-30,,,
primary_83,VUONG2025_S7_028,threshold_timing,unresolved,,,unresolved,https://pmc.ncbi.nlm.nih.gov/articles/PMC9066547/,2026-07-30,,,
primary_83,VUONG2025_S7_028,source_access,unresolved,,,unresolved,https://pmc.ncbi.nlm.nih.gov/articles/PMC9066547/,2026-07-30,,,
primary_83,VUONG2025_S7_028,target_access,unresolved,,,unresolved,https://pmc.ncbi.nlm.nih.gov/articles/PMC9066547/,2026-07-30,,,
primary_83,VUONG2025_S7_028,reuse_terms,unresolved,,,unresolved,https://pmc.ncbi.nlm.nih.gov/articles/PMC9066547/,2026-07-30,,,
primary_83,VUONG2025_S7_028,code_record,unresolved,,,unresolved,https://pmc.ncbi.nlm.nih.gov/articles/PMC9066547/,2026-07-30,,,
primary_83,VUONG2025_S7_028,fixed_version,unresolved,,,unresolved,https://pmc.ncbi.nlm.nih.gov/articles/PMC9066547/,2026-07-30,,,
primary_83,VUONG2025_S7_028,execution_path,unresolved,,,unresolved,https://pmc.ncbi.nlm.nih.gov/articles/PMC9066547/,2026-07-30,,,
primary_83,VUONG2025_S7_029,target_definition,unresolved,,,unresolved,https://pmc.ncbi.nlm.nih.gov/articles/PMC10948002/,2026-07-30,,,
primary_83,VUONG2025_S7_029,effect_modifier,documented,,,documented,https://pmc.ncbi.nlm.nih.gov/articles/PMC10948002/,2026-07-30,,,
primary_83,VUONG2025_S7_029,harmonization,unresolved,,,unresolved,https://pmc.ncbi.nlm.nih.gov/articles/PMC10948002/,2026-07-30,,,
primary_83,VUONG2025_S7_029,overlap,unresolved,,,unresolved,https://pmc.ncbi.nlm.nih.gov/articles/PMC10948002/,2026-07-30,,,
primary_83,VUONG2025_S7_029,target_uncertainty,documented,,,documented,https://pmc.ncbi.nlm.nih.gov/articles/PMC10948002/,2026-07-30,,,
primary_83,VUONG2025_S7_029,threshold_provenance,unresolved,,,unresolved,https://pmc.ncbi.nlm.nih.gov/articles/PMC10948002/,2026-07-30,,,
primary_83,VUONG2025_S7_029,threshold_timing,unresolved,,,unresolved,https://pmc.ncbi.nlm.nih.gov/articles/PMC10948002/,2026-07-30,,,
primary_83,VUONG2025_S7_029,source_access,unresolved,,,unresolved,https://pmc.ncbi.nlm.nih.gov/articles/PMC10948002/,2026-07-30,,,
primary_83,VUONG2025_S7_029,target_access,unresolved,,,unresolved,https://pmc.ncbi.nlm.nih.gov/articles/PMC10948002/,2026-07-30,,,
primary_83,VUONG2025_S7_029,reuse_terms,unresolved,,,unresolved,https://pmc.ncbi.nlm.nih.gov/articles/PMC10948002/,2026-07-30,,,
primary_83,VUONG2025_S7_029,code_record,unresolved,,,unresolved,https://pmc.ncbi.nlm.nih.gov/articles/PMC10948002/,2026-07-30,,,
primary_83,VUONG2025_S7_029,fixed_version,unresolved,,,unresolved,https://pmc.ncbi.nlm.nih.gov/articles/PMC10948002/,2026-07-30,,,
primary_83,VUONG2025_S7_029,execution_path,unresolved,,,unresolved,https://pmc.ncbi.nlm.nih.gov/articles/PMC10948002/,2026-07-30,,,
primary_83,VUONG2025_S7_030,target_definition,documented,,,documented,https://pmc.ncbi.nlm.nih.gov/articles/PMC10219839/,2026-07-30,,,
primary_83,VUONG2025_S7_030,effect_modifier,documented,,,documented,https://pmc.ncbi.nlm.nih.gov/articles/PMC10219839/,2026-07-30,,,
primary_83,VUONG2025_S7_030,harmonization,documented,,,documented,https://pmc.ncbi.nlm.nih.gov/articles/PMC10219839/,2026-07-30,,,
primary_83,VUONG2025_S7_030,overlap,unresolved,,,unresolved,https://pmc.ncbi.nlm.nih.gov/articles/PMC10219839/,2026-07-30,,,
primary_83,VUONG2025_S7_030,target_uncertainty,documented,,,documented,https://pmc.ncbi.nlm.nih.gov/articles/PMC10219839/,2026-07-30,,,
primary_83,VUONG2025_S7_030,threshold_provenance,unresolved,,,unresolved,https://pmc.ncbi.nlm.nih.gov/articles/PMC10219839/,2026-07-30,,,
primary_83,VUONG2025_S7_030,threshold_timing,unresolved,,,unresolved,https://pmc.ncbi.nlm.nih.gov/articles/PMC10219839/,2026-07-30,,,
primary_83,VUONG2025_S7_030,source_access,controlled,,,controlled,https://pmc.ncbi.nlm.nih.gov/articles/PMC10219839/,2026-07-30,,,
primary_83,VUONG2025_S7_030,target_access,controlled,,,controlled,https://pmc.ncbi.nlm.nih.gov/articles/PMC10219839/,2026-07-30,,,
primary_83,VUONG2025_S7_030,reuse_terms,unresolved,,,unresolved,https://pmc.ncbi.nlm.nih.gov/articles/PMC10219839/,2026-07-30,,,
primary_83,VUONG2025_S7_030,code_record,unresolved,,,unresolved,https://pmc.ncbi.nlm.nih.gov/articles/PMC10219839/,2026-07-30,,,
primary_83,VUONG2025_S7_030,fixed_version,unresolved,,,unresolved,https://pmc.ncbi.nlm.nih.gov/articles/PMC10219839/,2026-07-30,,,
primary_83,VUONG2025_S7_030,execution_path,unresolved,,,unresolved,https://pmc.ncbi.nlm.nih.gov/articles/PMC10219839/,2026-07-30,,,
primary_83,VUONG2025_S7_031,target_definition,documented,,,documented,https://pmc.ncbi.nlm.nih.gov/articles/PMC10219839/,2026-07-30,,,
primary_83,VUONG2025_S7_031,effect_modifier,documented,,,documented,https://pmc.ncbi.nlm.nih.gov/articles/PMC10219839/,2026-07-30,,,
primary_83,VUONG2025_S7_031,harmonization,documented,,,documented,https://pmc.ncbi.nlm.nih.gov/articles/PMC10219839/,2026-07-30,,,
primary_83,VUONG2025_S7_031,overlap,unresolved,,,unresolved,https://pmc.ncbi.nlm.nih.gov/articles/PMC10219839/,2026-07-30,,,
primary_83,VUONG2025_S7_031,target_uncertainty,documented,,,documented,https://pmc.ncbi.nlm.nih.gov/articles/PMC10219839/,2026-07-30,,,
primary_83,VUONG2025_S7_031,threshold_provenance,unresolved,,,unresolved,https://pmc.ncbi.nlm.nih.gov/articles/PMC10219839/,2026-07-30,,,
primary_83,VUONG2025_S7_031,threshold_timing,unresolved,,,unresolved,https://pmc.ncbi.nlm.nih.gov/articles/PMC10219839/,2026-07-30,,,
primary_83,VUONG2025_S7_031,source_access,controlled,,,controlled,https://pmc.ncbi.nlm.nih.gov/articles/PMC10219839/,2026-07-30,,,
primary_83,VUONG2025_S7_031,target_access,controlled,,,controlled,https://pmc.ncbi.nlm.nih.gov/articles/PMC10219839/,2026-07-30,,,
primary_83,VUONG2025_S7_031,reuse_terms,unresolved,,,unresolved,https://pmc.ncbi.nlm.nih.gov/articles/PMC10219839/,2026-07-30,,,
primary_83,VUONG2025_S7_031,code_record,unresolved,,,unresolved,https://pmc.ncbi.nlm.nih.gov/articles/PMC10219839/,2026-07-30,,,
primary_83,VUONG2025_S7_031,fixed_version,unresolved,,,unresolved,https://pmc.ncbi.nlm.nih.gov/articles/PMC10219839/,2026-07-30,,,
primary_83,VUONG2025_S7_031,execution_path,unresolved,,,unresolved,https://pmc.ncbi.nlm.nih.gov/articles/PMC10219839/,2026-07-30,,,
primary_83,VUONG2025_S7_032,target_definition,documented,,,documented,https://pmc.ncbi.nlm.nih.gov/articles/PMC13189650/,2026-07-30,,,
primary_83,VUONG2025_S7_032,effect_modifier,documented,,,documented,https://pmc.ncbi.nlm.nih.gov/articles/PMC13189650/,2026-07-30,,,
primary_83,VUONG2025_S7_032,harmonization,unresolved,,,unresolved,https://pmc.ncbi.nlm.nih.gov/articles/PMC13189650/,2026-07-30,,,
primary_83,VUONG2025_S7_032,overlap,unresolved,,,unresolved,https://pmc.ncbi.nlm.nih.gov/articles/PMC13189650/,2026-07-30,,,
primary_83,VUONG2025_S7_032,target_uncertainty,documented,,,documented,https://pmc.ncbi.nlm.nih.gov/articles/PMC13189650/,2026-07-30,,,
primary_83,VUONG2025_S7_032,threshold_provenance,unresolved,,,unresolved,https://pmc.ncbi.nlm.nih.gov/articles/PMC13189650/,2026-07-30,,,
primary_83,VUONG2025_S7_032,threshold_timing,unresolved,,,unresolved,https://pmc.ncbi.nlm.nih.gov/articles/PMC13189650/,2026-07-30,,,
primary_83,VUONG2025_S7_032,source_access,controlled,,,controlled,https://pmc.ncbi.nlm.nih.gov/articles/PMC13189650/,2026-07-30,,,
primary_83,VUONG2025_S7_032,target_access,controlled,,,controlled,https://pmc.ncbi.nlm.nih.gov/articles/PMC13189650/,2026-07-30,,,
primary_83,VUONG2025_S7_032,reuse_terms,unresolved,,,unresolved,https://pmc.ncbi.nlm.nih.gov/articles/PMC13189650/,2026-07-30,,,
primary_83,VUONG2025_S7_032,code_record,unresolved,,,unresolved,https://pmc.ncbi.nlm.nih.gov/articles/PMC13189650/,2026-07-30,,,
primary_83,VUONG2025_S7_032,fixed_version,unresolved,,,unresolved,https://pmc.ncbi.nlm.nih.gov/articles/PMC13189650/,2026-07-30,,,
primary_83,VUONG2025_S7_032,execution_path,unresolved,,,unresolved,https://pmc.ncbi.nlm.nih.gov/articles/PMC13189650/,2026-07-30,,,
primary_83,VUONG2025_S7_033,target_definition,unresolved,,,unresolved,https://doi.org/10.1177/09622802231210944,2026-07-30,,,
primary_83,VUONG2025_S7_033,effect_modifier,unresolved,,,unresolved,https://doi.org/10.1177/09622802231210944,2026-07-30,,,
primary_83,VUONG2025_S7_033,harmonization,unresolved,,,unresolved,https://doi.org/10.1177/09622802231210944,2026-07-30,,,
primary_83,VUONG2025_S7_033,overlap,unresolved,,,unresolved,https://doi.org/10.1177/09622802231210944,2026-07-30,,,
primary_83,VUONG2025_S7_033,target_uncertainty,unresolved,,,unresolved,https://doi.org/10.1177/09622802231210944,2026-07-30,,,
primary_83,VUONG2025_S7_033,threshold_provenance,unresolved,,,unresolved,https://doi.org/10.1177/09622802231210944,2026-07-30,,,
primary_83,VUONG2025_S7_033,threshold_timing,unresolved,,,unresolved,https://doi.org/10.1177/09622802231210944,2026-07-30,,,
primary_83,VUONG2025_S7_033,source_access,unresolved,,,unresolved,https://doi.org/10.1177/09622802231210944,2026-07-30,,,
primary_83,VUONG2025_S7_033,target_access,unresolved,,,unresolved,https://doi.org/10.1177/09622802231210944,2026-07-30,,,
primary_83,VUONG2025_S7_033,reuse_terms,unresolved,,,unresolved,https://doi.org/10.1177/09622802231210944,2026-07-30,,,
primary_83,VUONG2025_S7_033,code_record,unresolved,,,unresolved,https://doi.org/10.1177/09622802231210944,2026-07-30,,,
primary_83,VUONG2025_S7_033,fixed_version,unresolved,,,unresolved,https://doi.org/10.1177/09622802231210944,2026-07-30,,,
primary_83,VUONG2025_S7_033,execution_path,unresolved,,,unresolved,https://doi.org/10.1177/09622802231210944,2026-07-30,,,
primary_83,VUONG2025_S7_034,target_definition,documented,,,documented,https://pmc.ncbi.nlm.nih.gov/articles/PMC11423796/,2026-07-30,,,
primary_83,VUONG2025_S7_034,effect_modifier,documented,,,documented,https://pmc.ncbi.nlm.nih.gov/articles/PMC11423796/,2026-07-30,,,
primary_83,VUONG2025_S7_034,harmonization,documented,,,documented,https://pmc.ncbi.nlm.nih.gov/articles/PMC11423796/,2026-07-30,,,
primary_83,VUONG2025_S7_034,overlap,documented,,,documented,https://pmc.ncbi.nlm.nih.gov/articles/PMC11423796/,2026-07-30,,,
primary_83,VUONG2025_S7_034,target_uncertainty,documented,,,documented,https://pmc.ncbi.nlm.nih.gov/articles/PMC11423796/,2026-07-30,,,
primary_83,VUONG2025_S7_034,threshold_provenance,documented,,,documented,https://pmc.ncbi.nlm.nih.gov/articles/PMC11423796/,2026-07-30,,,
primary_83,VUONG2025_S7_034,threshold_timing,not_documented,,,not_documented,https://pmc.ncbi.nlm.nih.gov/articles/PMC11423796/,2026-07-30,,,
primary_83,VUONG2025_S7_034,source_access,controlled,,,controlled,https://pmc.ncbi.nlm.nih.gov/articles/PMC11423796/,2026-07-30,,,
primary_83,VUONG2025_S7_034,target_access,controlled,,,controlled,https://pmc.ncbi.nlm.nih.gov/articles/PMC11423796/,2026-07-30,,,
primary_83,VUONG2025_S7_034,reuse_terms,documented,,,documented,https://github.com/gibbonsl/ACT_transport,2026-07-30,,,
primary_83,VUONG2025_S7_034,code_record,documented,,,documented,https://github.com/gibbonsl/ACT_transport,2026-07-30,,,
primary_83,VUONG2025_S7_034,fixed_version,not_verified,,,not_verified,https://github.com/gibbonsl/ACT_transport,2026-07-30,,,
primary_83,VUONG2025_S7_034,execution_path,not_self_contained,,,not_self_contained,https://github.com/gibbonsl/ACT_transport,2026-07-30,,,
primary_83,VUONG2025_S7_035,target_definition,documented,,,documented,https://pmc.ncbi.nlm.nih.gov/articles/PMC12055469/,2026-07-30,,,
primary_83,VUONG2025_S7_035,effect_modifier,documented,,,documented,https://pmc.ncbi.nlm.nih.gov/articles/PMC12055469/,2026-07-30,,,
primary_83,VUONG2025_S7_035,harmonization,documented,,,documented,https://pmc.ncbi.nlm.nih.gov/articles/PMC12055469/,2026-07-30,,,
primary_83,VUONG2025_S7_035,overlap,documented,,,documented,https://pmc.ncbi.nlm.nih.gov/articles/PMC12055469/,2026-07-30,,,
primary_83,VUONG2025_S7_035,target_uncertainty,documented,,,documented,https://pmc.ncbi.nlm.nih.gov/articles/PMC12055469/,2026-07-30,,,
primary_83,VUONG2025_S7_035,threshold_provenance,partial,,,partial,https://pmc.ncbi.nlm.nih.gov/articles/PMC12055469/,2026-07-30,,,
primary_83,VUONG2025_S7_035,threshold_timing,not_documented,,,not_documented,https://pmc.ncbi.nlm.nih.gov/articles/PMC12055469/,2026-07-30,,,
primary_83,VUONG2025_S7_035,source_access,controlled,,,controlled,https://pmc.ncbi.nlm.nih.gov/articles/PMC12055469/,2026-07-30,,,
primary_83,VUONG2025_S7_035,target_access,public,,,public,https://pmc.ncbi.nlm.nih.gov/articles/PMC12055469/,2026-07-30,,,
primary_83,VUONG2025_S7_035,reuse_terms,unresolved,,,unresolved,https://pmc.ncbi.nlm.nih.gov/articles/PMC12055469/,2026-07-30,,,
primary_83,VUONG2025_S7_035,code_record,documented,,,documented,https://github.com/Mayeda-Research-Group/AA_selection,2026-07-30,,,
primary_83,VUONG2025_S7_035,fixed_version,not_verified,,,not_verified,https://github.com/Mayeda-Research-Group/AA_selection,2026-07-30,,,
primary_83,VUONG2025_S7_035,execution_path,not_self_contained,,,not_self_contained,https://github.com/Mayeda-Research-Group/AA_selection,2026-07-30,,,
primary_83,VUONG2025_S7_036,target_definition,documented,,,documented,https://pmc.ncbi.nlm.nih.gov/articles/PMC9250943/,2026-07-30,,,
primary_83,VUONG2025_S7_036,effect_modifier,partial,,,partial,https://pmc.ncbi.nlm.nih.gov/articles/PMC9250943/,2026-07-30,,,
primary_83,VUONG2025_S7_036,harmonization,partial,,,partial,https://pmc.ncbi.nlm.nih.gov/articles/PMC9250943/,2026-07-30,,,
primary_83,VUONG2025_S7_036,overlap,partial,,,partial,https://pmc.ncbi.nlm.nih.gov/articles/PMC9250943/,2026-07-30,,,
primary_83,VUONG2025_S7_036,target_uncertainty,partial,,,partial,https://pmc.ncbi.nlm.nih.gov/articles/PMC9250943/,2026-07-30,,,
primary_83,VUONG2025_S7_036,threshold_provenance,partial,,,partial,https://pmc.ncbi.nlm.nih.gov/articles/PMC9250943/,2026-07-30,,,
primary_83,VUONG2025_S7_036,threshold_timing,not_documented,,,not_documented,https://pmc.ncbi.nlm.nih.gov/articles/PMC9250943/,2026-07-30,,,
primary_83,VUONG2025_S7_036,source_access,controlled,,,controlled,https://pmc.ncbi.nlm.nih.gov/articles/PMC9250943/,2026-07-30,,,
primary_83,VUONG2025_S7_036,target_access,public,,,public,https://pmc.ncbi.nlm.nih.gov/articles/PMC9250943/,2026-07-30,,,
primary_83,VUONG2025_S7_036,reuse_terms,not_documented,,,not_documented,https://github.com/CIRL-UNC/HybridDesignVisualsWorkshop,2026-07-30,,,
primary_83,VUONG2025_S7_036,code_record,partial,,,partial,https://github.com/CIRL-UNC/HybridDesignVisualsWorkshop,2026-07-30,,,
primary_83,VUONG2025_S7_036,fixed_version,not_verified,,,not_verified,https://github.com/CIRL-UNC/HybridDesignVisualsWorkshop,2026-07-30,,,
primary_83,VUONG2025_S7_036,execution_path,not_self_contained,,,not_self_contained,https://github.com/CIRL-UNC/HybridDesignVisualsWorkshop,2026-07-30,,,
primary_83,VUONG2025_S7_037,target_definition,documented,,,documented,https://pmc.ncbi.nlm.nih.gov/articles/PMC8643314/,2026-07-30,,,
primary_83,VUONG2025_S7_037,effect_modifier,partial,,,partial,https://pmc.ncbi.nlm.nih.gov/articles/PMC8643314/,2026-07-30,,,
primary_83,VUONG2025_S7_037,harmonization,not_applicable,,,not_applicable,https://pmc.ncbi.nlm.nih.gov/articles/PMC8643314/,2026-07-30,,,
primary_83,VUONG2025_S7_037,overlap,partial,,,partial,https://pmc.ncbi.nlm.nih.gov/articles/PMC8643314/,2026-07-30,,,
primary_83,VUONG2025_S7_037,target_uncertainty,documented,,,documented,https://pmc.ncbi.nlm.nih.gov/articles/PMC8643314/,2026-07-30,,,
primary_83,VUONG2025_S7_037,threshold_provenance,partial,,,partial,https://pmc.ncbi.nlm.nih.gov/articles/PMC8643314/,2026-07-30,,,
primary_83,VUONG2025_S7_037,threshold_timing,not_documented,,,not_documented,https://pmc.ncbi.nlm.nih.gov/articles/PMC8643314/,2026-07-30,,,
primary_83,VUONG2025_S7_037,source_access,controlled,,,controlled,https://pmc.ncbi.nlm.nih.gov/articles/PMC8643314/,2026-07-30,,,
primary_83,VUONG2025_S7_037,target_access,controlled,,,controlled,https://pmc.ncbi.nlm.nih.gov/articles/PMC8643314/,2026-07-30,,,
primary_83,VUONG2025_S7_037,reuse_terms,not_documented,,,not_documented,https://pmc.ncbi.nlm.nih.gov/articles/PMC8643314/,2026-07-30,,,
primary_83,VUONG2025_S7_037,code_record,not_documented,,,not_documented,https://pmc.ncbi.nlm.nih.gov/articles/PMC8643314/,2026-07-30,,,
primary_83,VUONG2025_S7_037,fixed_version,not_applicable,,,not_applicable,https://pmc.ncbi.nlm.nih.gov/articles/PMC8643314/,2026-07-30,,,
primary_83,VUONG2025_S7_037,execution_path,not_applicable,,,not_applicable,https://pmc.ncbi.nlm.nih.gov/articles/PMC8643314/,2026-07-30,,,
primary_83,VUONG2025_S7_038,target_definition,documented,,,documented,https://pmc.ncbi.nlm.nih.gov/articles/PMC8643314/,2026-07-30,,,
primary_83,VUONG2025_S7_038,effect_modifier,partial,,,partial,https://pmc.ncbi.nlm.nih.gov/articles/PMC8643314/,2026-07-30,,,
primary_83,VUONG2025_S7_038,harmonization,not_applicable,,,not_applicable,https://pmc.ncbi.nlm.nih.gov/articles/PMC8643314/,2026-07-30,,,
primary_83,VUONG2025_S7_038,overlap,partial,,,partial,https://pmc.ncbi.nlm.nih.gov/articles/PMC8643314/,2026-07-30,,,
primary_83,VUONG2025_S7_038,target_uncertainty,documented,,,documented,https://pmc.ncbi.nlm.nih.gov/articles/PMC8643314/,2026-07-30,,,
primary_83,VUONG2025_S7_038,threshold_provenance,partial,,,partial,https://pmc.ncbi.nlm.nih.gov/articles/PMC8643314/,2026-07-30,,,
primary_83,VUONG2025_S7_038,threshold_timing,not_documented,,,not_documented,https://pmc.ncbi.nlm.nih.gov/articles/PMC8643314/,2026-07-30,,,
primary_83,VUONG2025_S7_038,source_access,controlled,,,controlled,https://pmc.ncbi.nlm.nih.gov/articles/PMC8643314/,2026-07-30,,,
primary_83,VUONG2025_S7_038,target_access,controlled,,,controlled,https://pmc.ncbi.nlm.nih.gov/articles/PMC8643314/,2026-07-30,,,
primary_83,VUONG2025_S7_038,reuse_terms,not_documented,,,not_documented,https://pmc.ncbi.nlm.nih.gov/articles/PMC8643314/,2026-07-30,,,
primary_83,VUONG2025_S7_038,code_record,not_documented,,,not_documented,https://pmc.ncbi.nlm.nih.gov/articles/PMC8643314/,2026-07-30,,,
primary_83,VUONG2025_S7_038,fixed_version,not_applicable,,,not_applicable,https://pmc.ncbi.nlm.nih.gov/articles/PMC8643314/,2026-07-30,,,
primary_83,VUONG2025_S7_038,execution_path,not_applicable,,,not_applicable,https://pmc.ncbi.nlm.nih.gov/articles/PMC8643314/,2026-07-30,,,
primary_83,VUONG2025_S7_039,target_definition,unresolved,,,unresolved,https://pmc.ncbi.nlm.nih.gov/articles/PMC9608340/,2026-07-30,,,
primary_83,VUONG2025_S7_039,effect_modifier,unresolved,,,unresolved,https://pmc.ncbi.nlm.nih.gov/articles/PMC9608340/,2026-07-30,,,
primary_83,VUONG2025_S7_039,harmonization,not_applicable,,,not_applicable,https://pmc.ncbi.nlm.nih.gov/articles/PMC9608340/,2026-07-30,,,
primary_83,VUONG2025_S7_039,overlap,unresolved,,,unresolved,https://pmc.ncbi.nlm.nih.gov/articles/PMC9608340/,2026-07-30,,,
primary_83,VUONG2025_S7_039,target_uncertainty,unresolved,,,unresolved,https://pmc.ncbi.nlm.nih.gov/articles/PMC9608340/,2026-07-30,,,
primary_83,VUONG2025_S7_039,threshold_provenance,documented,,,documented,https://pmc.ncbi.nlm.nih.gov/articles/PMC9608340/,2026-07-30,,,
primary_83,VUONG2025_S7_039,threshold_timing,unresolved,,,unresolved,https://pmc.ncbi.nlm.nih.gov/articles/PMC9608340/,2026-07-30,,,
primary_83,VUONG2025_S7_039,source_access,controlled,,,controlled,https://pmc.ncbi.nlm.nih.gov/articles/PMC9608340/,2026-07-30,,,
primary_83,VUONG2025_S7_039,target_access,not_applicable,,,not_applicable,https://pmc.ncbi.nlm.nih.gov/articles/PMC9608340/,2026-07-30,,,
primary_83,VUONG2025_S7_039,reuse_terms,unresolved,,,unresolved,https://pmc.ncbi.nlm.nih.gov/articles/PMC9608340/,2026-07-30,,,
primary_83,VUONG2025_S7_039,code_record,unresolved,,,unresolved,https://pmc.ncbi.nlm.nih.gov/articles/PMC9608340/,2026-07-30,,,
primary_83,VUONG2025_S7_039,fixed_version,unresolved,,,unresolved,https://pmc.ncbi.nlm.nih.gov/articles/PMC9608340/,2026-07-30,,,
primary_83,VUONG2025_S7_039,execution_path,unresolved,,,unresolved,https://pmc.ncbi.nlm.nih.gov/articles/PMC9608340/,2026-07-30,,,
primary_83,VUONG2025_S7_040,target_definition,documented,,,documented,https://pmc.ncbi.nlm.nih.gov/articles/PMC10396418/,2026-07-30,,,
primary_83,VUONG2025_S7_040,effect_modifier,documented,,,documented,https://pmc.ncbi.nlm.nih.gov/articles/PMC10396418/,2026-07-30,,,
primary_83,VUONG2025_S7_040,harmonization,partial,,,partial,https://pmc.ncbi.nlm.nih.gov/articles/PMC10396418/,2026-07-30,,,
primary_83,VUONG2025_S7_040,overlap,documented,,,documented,https://pmc.ncbi.nlm.nih.gov/articles/PMC10396418/,2026-07-30,,,
primary_83,VUONG2025_S7_040,target_uncertainty,documented,,,documented,https://pmc.ncbi.nlm.nih.gov/articles/PMC10396418/,2026-07-30,,,
primary_83,VUONG2025_S7_040,threshold_provenance,documented,,,documented,https://pmc.ncbi.nlm.nih.gov/articles/PMC10396418/,2026-07-30,,,
primary_83,VUONG2025_S7_040,threshold_timing,not_documented,,,not_documented,https://pmc.ncbi.nlm.nih.gov/articles/PMC10396418/,2026-07-30,,,
primary_83,VUONG2025_S7_040,source_access,controlled,,,controlled,https://pmc.ncbi.nlm.nih.gov/articles/PMC10396418/,2026-07-30,,,
primary_83,VUONG2025_S7_040,target_access,public,,,public,https://pmc.ncbi.nlm.nih.gov/articles/PMC10396418/,2026-07-30,,,
primary_83,VUONG2025_S7_040,reuse_terms,not_documented,,,not_documented,https://pmc.ncbi.nlm.nih.gov/articles/PMC10396418/,2026-07-30,,,
primary_83,VUONG2025_S7_040,code_record,not_documented,,,not_documented,https://pmc.ncbi.nlm.nih.gov/articles/PMC10396418/,2026-07-30,,,
primary_83,VUONG2025_S7_040,fixed_version,not_applicable,,,not_applicable,https://pmc.ncbi.nlm.nih.gov/articles/PMC10396418/,2026-07-30,,,
primary_83,VUONG2025_S7_040,execution_path,not_applicable,,,not_applicable,https://pmc.ncbi.nlm.nih.gov/articles/PMC10396418/,2026-07-30,,,
primary_83,VUONG2025_S7_041,target_definition,documented,,,documented,https://pmc.ncbi.nlm.nih.gov/articles/PMC8487904/,2026-07-30,,,
primary_83,VUONG2025_S7_041,effect_modifier,documented,,,documented,https://pmc.ncbi.nlm.nih.gov/articles/PMC8487904/,2026-07-30,,,
primary_83,VUONG2025_S7_041,harmonization,unresolved,,,unresolved,https://pmc.ncbi.nlm.nih.gov/articles/PMC8487904/,2026-07-30,,,
primary_83,VUONG2025_S7_041,overlap,documented,,,documented,https://pmc.ncbi.nlm.nih.gov/articles/PMC8487904/,2026-07-30,,,
primary_83,VUONG2025_S7_041,target_uncertainty,documented,,,documented,https://pmc.ncbi.nlm.nih.gov/articles/PMC8487904/,2026-07-30,,,
primary_83,VUONG2025_S7_041,threshold_provenance,unresolved,,,unresolved,https://pmc.ncbi.nlm.nih.gov/articles/PMC8487904/,2026-07-30,,,
primary_83,VUONG2025_S7_041,threshold_timing,unresolved,,,unresolved,https://pmc.ncbi.nlm.nih.gov/articles/PMC8487904/,2026-07-30,,,
primary_83,VUONG2025_S7_041,source_access,controlled,,,controlled,https://pmc.ncbi.nlm.nih.gov/articles/PMC8487904/,2026-07-30,,,
primary_83,VUONG2025_S7_041,target_access,public,,,public,https://pmc.ncbi.nlm.nih.gov/articles/PMC8487904/,2026-07-30,,,
primary_83,VUONG2025_S7_041,reuse_terms,unresolved,,,unresolved,https://pmc.ncbi.nlm.nih.gov/articles/PMC8487904/,2026-07-30,,,
primary_83,VUONG2025_S7_041,code_record,unresolved,,,unresolved,https://pmc.ncbi.nlm.nih.gov/articles/PMC8487904/,2026-07-30,,,
primary_83,VUONG2025_S7_041,fixed_version,unresolved,,,unresolved,https://pmc.ncbi.nlm.nih.gov/articles/PMC8487904/,2026-07-30,,,
primary_83,VUONG2025_S7_041,execution_path,unresolved,,,unresolved,https://pmc.ncbi.nlm.nih.gov/articles/PMC8487904/,2026-07-30,,,
primary_83,VUONG2025_S7_042,target_definition,documented,,,documented,https://pmc.ncbi.nlm.nih.gov/articles/PMC10201931/,2026-07-30,,,
primary_83,VUONG2025_S7_042,effect_modifier,documented,,,documented,https://pmc.ncbi.nlm.nih.gov/articles/PMC10201931/,2026-07-30,,,
primary_83,VUONG2025_S7_042,harmonization,unresolved,,,unresolved,https://pmc.ncbi.nlm.nih.gov/articles/PMC10201931/,2026-07-30,,,
primary_83,VUONG2025_S7_042,overlap,documented,,,documented,https://pmc.ncbi.nlm.nih.gov/articles/PMC10201931/,2026-07-30,,,
primary_83,VUONG2025_S7_042,target_uncertainty,documented,,,documented,https://pmc.ncbi.nlm.nih.gov/articles/PMC10201931/,2026-07-30,,,
primary_83,VUONG2025_S7_042,threshold_provenance,unresolved,,,unresolved,https://pmc.ncbi.nlm.nih.gov/articles/PMC10201931/,2026-07-30,,,
primary_83,VUONG2025_S7_042,threshold_timing,unresolved,,,unresolved,https://pmc.ncbi.nlm.nih.gov/articles/PMC10201931/,2026-07-30,,,
primary_83,VUONG2025_S7_042,source_access,controlled,,,controlled,https://pmc.ncbi.nlm.nih.gov/articles/PMC10201931/,2026-07-30,,,
primary_83,VUONG2025_S7_042,target_access,controlled,,,controlled,https://pmc.ncbi.nlm.nih.gov/articles/PMC10201931/,2026-07-30,,,
primary_83,VUONG2025_S7_042,reuse_terms,unresolved,,,unresolved,https://pmc.ncbi.nlm.nih.gov/articles/PMC10201931/,2026-07-30,,,
primary_83,VUONG2025_S7_042,code_record,unresolved,,,unresolved,https://pmc.ncbi.nlm.nih.gov/articles/PMC10201931/,2026-07-30,,,
primary_83,VUONG2025_S7_042,fixed_version,unresolved,,,unresolved,https://pmc.ncbi.nlm.nih.gov/articles/PMC10201931/,2026-07-30,,,
primary_83,VUONG2025_S7_042,execution_path,unresolved,,,unresolved,https://pmc.ncbi.nlm.nih.gov/articles/PMC10201931/,2026-07-30,,,
primary_83,VUONG2025_S7_043,target_definition,documented,,,documented,https://pmc.ncbi.nlm.nih.gov/articles/PMC11485071/,2026-07-30,,,
primary_83,VUONG2025_S7_043,effect_modifier,documented,,,documented,https://pmc.ncbi.nlm.nih.gov/articles/PMC11485071/,2026-07-30,,,
primary_83,VUONG2025_S7_043,harmonization,partial,,,partial,https://pmc.ncbi.nlm.nih.gov/articles/PMC11485071/,2026-07-30,,,
primary_83,VUONG2025_S7_043,overlap,partial,,,partial,https://pmc.ncbi.nlm.nih.gov/articles/PMC11485071/,2026-07-30,,,
primary_83,VUONG2025_S7_043,target_uncertainty,partial,,,partial,https://pmc.ncbi.nlm.nih.gov/articles/PMC11485071/,2026-07-30,,,
primary_83,VUONG2025_S7_043,threshold_provenance,partial,,,partial,https://pmc.ncbi.nlm.nih.gov/articles/PMC11485071/,2026-07-30,,,
primary_83,VUONG2025_S7_043,threshold_timing,not_documented,,,not_documented,https://pmc.ncbi.nlm.nih.gov/articles/PMC11485071/,2026-07-30,,,
primary_83,VUONG2025_S7_043,source_access,controlled,,,controlled,https://pmc.ncbi.nlm.nih.gov/articles/PMC11485071/,2026-07-30,,,
primary_83,VUONG2025_S7_043,target_access,public,,,public,https://pmc.ncbi.nlm.nih.gov/articles/PMC11485071/,2026-07-30,,,
primary_83,VUONG2025_S7_043,reuse_terms,unresolved,,,unresolved,https://pmc.ncbi.nlm.nih.gov/articles/PMC11485071/,2026-07-30,,,
primary_83,VUONG2025_S7_043,code_record,unresolved,,,unresolved,https://pmc.ncbi.nlm.nih.gov/articles/PMC11485071/,2026-07-30,,,
primary_83,VUONG2025_S7_043,fixed_version,unresolved,,,unresolved,https://pmc.ncbi.nlm.nih.gov/articles/PMC11485071/,2026-07-30,,,
primary_83,VUONG2025_S7_043,execution_path,unresolved,,,unresolved,https://pmc.ncbi.nlm.nih.gov/articles/PMC11485071/,2026-07-30,,,
primary_83,VUONG2025_S7_044,target_definition,documented,,,documented,https://pmc.ncbi.nlm.nih.gov/articles/PMC9166225/,2026-07-30,,,
primary_83,VUONG2025_S7_044,effect_modifier,documented,,,documented,https://pmc.ncbi.nlm.nih.gov/articles/PMC9166225/,2026-07-30,,,
primary_83,VUONG2025_S7_044,harmonization,documented,,,documented,https://pmc.ncbi.nlm.nih.gov/articles/PMC9166225/,2026-07-30,,,
primary_83,VUONG2025_S7_044,overlap,partial,,,partial,https://pmc.ncbi.nlm.nih.gov/articles/PMC9166225/,2026-07-30,,,
primary_83,VUONG2025_S7_044,target_uncertainty,documented,,,documented,https://pmc.ncbi.nlm.nih.gov/articles/PMC9166225/,2026-07-30,,,
primary_83,VUONG2025_S7_044,threshold_provenance,partial,,,partial,https://pmc.ncbi.nlm.nih.gov/articles/PMC9166225/,2026-07-30,,,
primary_83,VUONG2025_S7_044,threshold_timing,not_documented,,,not_documented,https://pmc.ncbi.nlm.nih.gov/articles/PMC9166225/,2026-07-30,,,
primary_83,VUONG2025_S7_044,source_access,unavailable,,,unavailable,https://pmc.ncbi.nlm.nih.gov/articles/PMC9166225/,2026-07-30,,,
primary_83,VUONG2025_S7_044,target_access,unavailable,,,unavailable,https://pmc.ncbi.nlm.nih.gov/articles/PMC9166225/,2026-07-30,,,
primary_83,VUONG2025_S7_044,reuse_terms,unresolved,,,unresolved,https://pmc.ncbi.nlm.nih.gov/articles/PMC9166225/,2026-07-30,,,
primary_83,VUONG2025_S7_044,code_record,unresolved,,,unresolved,https://pmc.ncbi.nlm.nih.gov/articles/PMC9166225/,2026-07-30,,,
primary_83,VUONG2025_S7_044,fixed_version,unresolved,,,unresolved,https://pmc.ncbi.nlm.nih.gov/articles/PMC9166225/,2026-07-30,,,
primary_83,VUONG2025_S7_044,execution_path,unresolved,,,unresolved,https://pmc.ncbi.nlm.nih.gov/articles/PMC9166225/,2026-07-30,,,
primary_83,VUONG2025_S7_045,target_definition,documented,,,documented,https://arxiv.org/abs/2210.02571,2026-07-30,,,
primary_83,VUONG2025_S7_045,effect_modifier,documented,,,documented,https://arxiv.org/abs/2210.02571,2026-07-30,,,
primary_83,VUONG2025_S7_045,harmonization,partial,,,partial,https://arxiv.org/abs/2210.02571,2026-07-30,,,
primary_83,VUONG2025_S7_045,overlap,partial,,,partial,https://arxiv.org/abs/2210.02571,2026-07-30,,,
primary_83,VUONG2025_S7_045,target_uncertainty,documented,,,documented,https://arxiv.org/abs/2210.02571,2026-07-30,,,
primary_83,VUONG2025_S7_045,threshold_provenance,partial,,,partial,https://arxiv.org/abs/2210.02571,2026-07-30,,,
primary_83,VUONG2025_S7_045,threshold_timing,not_documented,,,not_documented,https://arxiv.org/abs/2210.02571,2026-07-30,,,
primary_83,VUONG2025_S7_045,source_access,unclear,,,unclear,https://arxiv.org/abs/2210.02571,2026-07-30,,,
primary_83,VUONG2025_S7_045,target_access,unclear,,,unclear,https://arxiv.org/abs/2210.02571,2026-07-30,,,
primary_83,VUONG2025_S7_045,reuse_terms,not_documented,,,not_documented,https://arxiv.org/abs/2210.02571,2026-07-30,,,
primary_83,VUONG2025_S7_045,code_record,not_documented,,,not_documented,https://arxiv.org/abs/2210.02571,2026-07-30,,,
primary_83,VUONG2025_S7_045,fixed_version,not_applicable,,,not_applicable,https://arxiv.org/abs/2210.02571,2026-07-30,,,
primary_83,VUONG2025_S7_045,execution_path,not_applicable,,,not_applicable,https://arxiv.org/abs/2210.02571,2026-07-30,,,
primary_83,VUONG2025_S7_046,target_definition,documented,,,documented,https://arxiv.org/abs/2210.02571,2026-07-30,,,
primary_83,VUONG2025_S7_046,effect_modifier,documented,,,documented,https://arxiv.org/abs/2210.02571,2026-07-30,,,
primary_83,VUONG2025_S7_046,harmonization,partial,,,partial,https://arxiv.org/abs/2210.02571,2026-07-30,,,
primary_83,VUONG2025_S7_046,overlap,partial,,,partial,https://arxiv.org/abs/2210.02571,2026-07-30,,,
primary_83,VUONG2025_S7_046,target_uncertainty,documented,,,documented,https://arxiv.org/abs/2210.02571,2026-07-30,,,
primary_83,VUONG2025_S7_046,threshold_provenance,partial,,,partial,https://arxiv.org/abs/2210.02571,2026-07-30,,,
primary_83,VUONG2025_S7_046,threshold_timing,not_documented,,,not_documented,https://arxiv.org/abs/2210.02571,2026-07-30,,,
primary_83,VUONG2025_S7_046,source_access,unclear,,,unclear,https://arxiv.org/abs/2210.02571,2026-07-30,,,
primary_83,VUONG2025_S7_046,target_access,unclear,,,unclear,https://arxiv.org/abs/2210.02571,2026-07-30,,,
primary_83,VUONG2025_S7_046,reuse_terms,not_documented,,,not_documented,https://arxiv.org/abs/2210.02571,2026-07-30,,,
primary_83,VUONG2025_S7_046,code_record,not_documented,,,not_documented,https://arxiv.org/abs/2210.02571,2026-07-30,,,
primary_83,VUONG2025_S7_046,fixed_version,not_applicable,,,not_applicable,https://arxiv.org/abs/2210.02571,2026-07-30,,,
primary_83,VUONG2025_S7_046,execution_path,not_applicable,,,not_applicable,https://arxiv.org/abs/2210.02571,2026-07-30,,,
primary_83,VUONG2025_S7_047,target_definition,documented,,,documented,https://arxiv.org/abs/2210.02571,2026-07-30,,,
primary_83,VUONG2025_S7_047,effect_modifier,documented,,,documented,https://arxiv.org/abs/2210.02571,2026-07-30,,,
primary_83,VUONG2025_S7_047,harmonization,partial,,,partial,https://arxiv.org/abs/2210.02571,2026-07-30,,,
primary_83,VUONG2025_S7_047,overlap,partial,,,partial,https://arxiv.org/abs/2210.02571,2026-07-30,,,
primary_83,VUONG2025_S7_047,target_uncertainty,documented,,,documented,https://arxiv.org/abs/2210.02571,2026-07-30,,,
primary_83,VUONG2025_S7_047,threshold_provenance,partial,,,partial,https://arxiv.org/abs/2210.02571,2026-07-30,,,
primary_83,VUONG2025_S7_047,threshold_timing,not_documented,,,not_documented,https://arxiv.org/abs/2210.02571,2026-07-30,,,
primary_83,VUONG2025_S7_047,source_access,unclear,,,unclear,https://arxiv.org/abs/2210.02571,2026-07-30,,,
primary_83,VUONG2025_S7_047,target_access,unclear,,,unclear,https://arxiv.org/abs/2210.02571,2026-07-30,,,
primary_83,VUONG2025_S7_047,reuse_terms,not_documented,,,not_documented,https://arxiv.org/abs/2210.02571,2026-07-30,,,
primary_83,VUONG2025_S7_047,code_record,not_documented,,,not_documented,https://arxiv.org/abs/2210.02571,2026-07-30,,,
primary_83,VUONG2025_S7_047,fixed_version,not_applicable,,,not_applicable,https://arxiv.org/abs/2210.02571,2026-07-30,,,
primary_83,VUONG2025_S7_047,execution_path,not_applicable,,,not_applicable,https://arxiv.org/abs/2210.02571,2026-07-30,,,
primary_83,VUONG2025_S7_048,target_definition,unresolved,,,unresolved,https://doi.org/10.1080/19466315.2021.1942975,2026-07-30,,,
primary_83,VUONG2025_S7_048,effect_modifier,unresolved,,,unresolved,https://doi.org/10.1080/19466315.2021.1942975,2026-07-30,,,
primary_83,VUONG2025_S7_048,harmonization,unresolved,,,unresolved,https://doi.org/10.1080/19466315.2021.1942975,2026-07-30,,,
primary_83,VUONG2025_S7_048,overlap,unresolved,,,unresolved,https://doi.org/10.1080/19466315.2021.1942975,2026-07-30,,,
primary_83,VUONG2025_S7_048,target_uncertainty,unresolved,,,unresolved,https://doi.org/10.1080/19466315.2021.1942975,2026-07-30,,,
primary_83,VUONG2025_S7_048,threshold_provenance,unresolved,,,unresolved,https://doi.org/10.1080/19466315.2021.1942975,2026-07-30,,,
primary_83,VUONG2025_S7_048,threshold_timing,unresolved,,,unresolved,https://doi.org/10.1080/19466315.2021.1942975,2026-07-30,,,
primary_83,VUONG2025_S7_048,source_access,unresolved,,,unresolved,https://doi.org/10.1080/19466315.2021.1942975,2026-07-30,,,
primary_83,VUONG2025_S7_048,target_access,unresolved,,,unresolved,https://doi.org/10.1080/19466315.2021.1942975,2026-07-30,,,
primary_83,VUONG2025_S7_048,reuse_terms,unresolved,,,unresolved,https://doi.org/10.1080/19466315.2021.1942975,2026-07-30,,,
primary_83,VUONG2025_S7_048,code_record,unresolved,,,unresolved,https://doi.org/10.1080/19466315.2021.1942975,2026-07-30,,,
primary_83,VUONG2025_S7_048,fixed_version,unresolved,,,unresolved,https://doi.org/10.1080/19466315.2021.1942975,2026-07-30,,,
primary_83,VUONG2025_S7_048,execution_path,unresolved,,,unresolved,https://doi.org/10.1080/19466315.2021.1942975,2026-07-30,,,
primary_83,VUONG2025_S7_049,target_definition,unresolved,,,unresolved,https://doi.org/10.1080/19466315.2021.1942975,2026-07-30,,,
primary_83,VUONG2025_S7_049,effect_modifier,unresolved,,,unresolved,https://doi.org/10.1080/19466315.2021.1942975,2026-07-30,,,
primary_83,VUONG2025_S7_049,harmonization,unresolved,,,unresolved,https://doi.org/10.1080/19466315.2021.1942975,2026-07-30,,,
primary_83,VUONG2025_S7_049,overlap,unresolved,,,unresolved,https://doi.org/10.1080/19466315.2021.1942975,2026-07-30,,,
primary_83,VUONG2025_S7_049,target_uncertainty,unresolved,,,unresolved,https://doi.org/10.1080/19466315.2021.1942975,2026-07-30,,,
primary_83,VUONG2025_S7_049,threshold_provenance,unresolved,,,unresolved,https://doi.org/10.1080/19466315.2021.1942975,2026-07-30,,,
primary_83,VUONG2025_S7_049,threshold_timing,unresolved,,,unresolved,https://doi.org/10.1080/19466315.2021.1942975,2026-07-30,,,
primary_83,VUONG2025_S7_049,source_access,unresolved,,,unresolved,https://doi.org/10.1080/19466315.2021.1942975,2026-07-30,,,
primary_83,VUONG2025_S7_049,target_access,unresolved,,,unresolved,https://doi.org/10.1080/19466315.2021.1942975,2026-07-30,,,
primary_83,VUONG2025_S7_049,reuse_terms,unresolved,,,unresolved,https://doi.org/10.1080/19466315.2021.1942975,2026-07-30,,,
primary_83,VUONG2025_S7_049,code_record,unresolved,,,unresolved,https://doi.org/10.1080/19466315.2021.1942975,2026-07-30,,,
primary_83,VUONG2025_S7_049,fixed_version,unresolved,,,unresolved,https://doi.org/10.1080/19466315.2021.1942975,2026-07-30,,,
primary_83,VUONG2025_S7_049,execution_path,unresolved,,,unresolved,https://doi.org/10.1080/19466315.2021.1942975,2026-07-30,,,
primary_83,VUONG2025_S7_050,target_definition,unresolved,,,unresolved,https://doi.org/10.1080/19466315.2021.1942975,2026-07-30,,,
primary_83,VUONG2025_S7_050,effect_modifier,unresolved,,,unresolved,https://doi.org/10.1080/19466315.2021.1942975,2026-07-30,,,
primary_83,VUONG2025_S7_050,harmonization,unresolved,,,unresolved,https://doi.org/10.1080/19466315.2021.1942975,2026-07-30,,,
primary_83,VUONG2025_S7_050,overlap,unresolved,,,unresolved,https://doi.org/10.1080/19466315.2021.1942975,2026-07-30,,,
primary_83,VUONG2025_S7_050,target_uncertainty,unresolved,,,unresolved,https://doi.org/10.1080/19466315.2021.1942975,2026-07-30,,,
primary_83,VUONG2025_S7_050,threshold_provenance,unresolved,,,unresolved,https://doi.org/10.1080/19466315.2021.1942975,2026-07-30,,,
primary_83,VUONG2025_S7_050,threshold_timing,unresolved,,,unresolved,https://doi.org/10.1080/19466315.2021.1942975,2026-07-30,,,
primary_83,VUONG2025_S7_050,source_access,unresolved,,,unresolved,https://doi.org/10.1080/19466315.2021.1942975,2026-07-30,,,
primary_83,VUONG2025_S7_050,target_access,unresolved,,,unresolved,https://doi.org/10.1080/19466315.2021.1942975,2026-07-30,,,
primary_83,VUONG2025_S7_050,reuse_terms,unresolved,,,unresolved,https://doi.org/10.1080/19466315.2021.1942975,2026-07-30,,,
primary_83,VUONG2025_S7_050,code_record,unresolved,,,unresolved,https://doi.org/10.1080/19466315.2021.1942975,2026-07-30,,,
primary_83,VUONG2025_S7_050,fixed_version,unresolved,,,unresolved,https://doi.org/10.1080/19466315.2021.1942975,2026-07-30,,,
primary_83,VUONG2025_S7_050,execution_path,unresolved,,,unresolved,https://doi.org/10.1080/19466315.2021.1942975,2026-07-30,,,
primary_83,VUONG2025_S7_051,target_definition,documented,,,documented,https://pmc.ncbi.nlm.nih.gov/articles/PMC9754161/,2026-07-30,,,
primary_83,VUONG2025_S7_051,effect_modifier,documented,,,documented,https://pmc.ncbi.nlm.nih.gov/articles/PMC9754161/,2026-07-30,,,
primary_83,VUONG2025_S7_051,harmonization,documented,,,documented,https://pmc.ncbi.nlm.nih.gov/articles/PMC9754161/,2026-07-30,,,
primary_83,VUONG2025_S7_051,overlap,documented,,,documented,https://pmc.ncbi.nlm.nih.gov/articles/PMC9754161/,2026-07-30,,,
primary_83,VUONG2025_S7_051,target_uncertainty,documented,,,documented,https://pmc.ncbi.nlm.nih.gov/articles/PMC9754161/,2026-07-30,,,
primary_83,VUONG2025_S7_051,threshold_provenance,partial,,,partial,https://pmc.ncbi.nlm.nih.gov/articles/PMC9754161/,2026-07-30,,,
primary_83,VUONG2025_S7_051,threshold_timing,not_documented,,,not_documented,https://pmc.ncbi.nlm.nih.gov/articles/PMC9754161/,2026-07-30,,,
primary_83,VUONG2025_S7_051,source_access,controlled,,,controlled,https://pmc.ncbi.nlm.nih.gov/articles/PMC9754161/,2026-07-30,,,
primary_83,VUONG2025_S7_051,target_access,controlled,,,controlled,https://pmc.ncbi.nlm.nih.gov/articles/PMC9754161/,2026-07-30,,,
primary_83,VUONG2025_S7_051,reuse_terms,documented,,,documented,https://github.com/yling2019/SERD_transportability,2026-07-30,,,
primary_83,VUONG2025_S7_051,code_record,documented,,,documented,https://github.com/yling2019/SERD_transportability,2026-07-30,,,
primary_83,VUONG2025_S7_051,fixed_version,not_verified,,,not_verified,https://github.com/yling2019/SERD_transportability,2026-07-30,,,
primary_83,VUONG2025_S7_051,execution_path,not_self_contained,,,not_self_contained,https://github.com/yling2019/SERD_transportability,2026-07-30,,,
primary_83,VUONG2025_S7_052,target_definition,unresolved,,,unresolved,https://doi.org/10.1002/bimj.202100294,2026-07-30,,,
primary_83,VUONG2025_S7_052,effect_modifier,unresolved,,,unresolved,https://doi.org/10.1002/bimj.202100294,2026-07-30,,,
primary_83,VUONG2025_S7_052,harmonization,unresolved,,,unresolved,https://doi.org/10.1002/bimj.202100294,2026-07-30,,,
primary_83,VUONG2025_S7_052,overlap,unresolved,,,unresolved,https://doi.org/10.1002/bimj.202100294,2026-07-30,,,
primary_83,VUONG2025_S7_052,target_uncertainty,unresolved,,,unresolved,https://doi.org/10.1002/bimj.202100294,2026-07-30,,,
primary_83,VUONG2025_S7_052,threshold_provenance,unresolved,,,unresolved,https://doi.org/10.1002/bimj.202100294,2026-07-30,,,
primary_83,VUONG2025_S7_052,threshold_timing,unresolved,,,unresolved,https://doi.org/10.1002/bimj.202100294,2026-07-30,,,
primary_83,VUONG2025_S7_052,source_access,unresolved,,,unresolved,https://doi.org/10.1002/bimj.202100294,2026-07-30,,,
primary_83,VUONG2025_S7_052,target_access,unresolved,,,unresolved,https://doi.org/10.1002/bimj.202100294,2026-07-30,,,
primary_83,VUONG2025_S7_052,reuse_terms,unresolved,,,unresolved,https://doi.org/10.1002/bimj.202100294,2026-07-30,,,
primary_83,VUONG2025_S7_052,code_record,unresolved,,,unresolved,https://doi.org/10.1002/bimj.202100294,2026-07-30,,,
primary_83,VUONG2025_S7_052,fixed_version,unresolved,,,unresolved,https://doi.org/10.1002/bimj.202100294,2026-07-30,,,
primary_83,VUONG2025_S7_052,execution_path,unresolved,,,unresolved,https://doi.org/10.1002/bimj.202100294,2026-07-30,,,
primary_83,VUONG2025_S7_053,target_definition,documented,,,documented,https://pmc.ncbi.nlm.nih.gov/articles/PMC8489435/,2026-07-30,,,
primary_83,VUONG2025_S7_053,effect_modifier,documented,,,documented,https://pmc.ncbi.nlm.nih.gov/articles/PMC8489435/,2026-07-30,,,
primary_83,VUONG2025_S7_053,harmonization,documented,,,documented,https://pmc.ncbi.nlm.nih.gov/articles/PMC8489435/,2026-07-30,,,
primary_83,VUONG2025_S7_053,overlap,unresolved,,,unresolved,https://pmc.ncbi.nlm.nih.gov/articles/PMC8489435/,2026-07-30,,,
primary_83,VUONG2025_S7_053,target_uncertainty,documented,,,documented,https://pmc.ncbi.nlm.nih.gov/articles/PMC8489435/,2026-07-30,,,
primary_83,VUONG2025_S7_053,threshold_provenance,unresolved,,,unresolved,https://pmc.ncbi.nlm.nih.gov/articles/PMC8489435/,2026-07-30,,,
primary_83,VUONG2025_S7_053,threshold_timing,unresolved,,,unresolved,https://pmc.ncbi.nlm.nih.gov/articles/PMC8489435/,2026-07-30,,,
primary_83,VUONG2025_S7_053,source_access,controlled,,,controlled,https://pmc.ncbi.nlm.nih.gov/articles/PMC8489435/,2026-07-30,,,
primary_83,VUONG2025_S7_053,target_access,controlled,,,controlled,https://pmc.ncbi.nlm.nih.gov/articles/PMC8489435/,2026-07-30,,,
primary_83,VUONG2025_S7_053,reuse_terms,unresolved,,,unresolved,https://pmc.ncbi.nlm.nih.gov/articles/PMC8489435/,2026-07-30,,,
primary_83,VUONG2025_S7_053,code_record,documented,,,documented,https://github.com/megtron9/transport-subgroups,2026-07-30,,,
primary_83,VUONG2025_S7_053,fixed_version,unresolved,,,unresolved,https://pmc.ncbi.nlm.nih.gov/articles/PMC8489435/,2026-07-30,,,
primary_83,VUONG2025_S7_053,execution_path,unresolved,,,unresolved,https://pmc.ncbi.nlm.nih.gov/articles/PMC8489435/,2026-07-30,,,
primary_83,VUONG2025_S7_054,target_definition,documented,,,documented,https://pmc.ncbi.nlm.nih.gov/articles/PMC8489435/,2026-07-30,,,
primary_83,VUONG2025_S7_054,effect_modifier,documented,,,documented,https://pmc.ncbi.nlm.nih.gov/articles/PMC8489435/,2026-07-30,,,
primary_83,VUONG2025_S7_054,harmonization,documented,,,documented,https://pmc.ncbi.nlm.nih.gov/articles/PMC8489435/,2026-07-30,,,
primary_83,VUONG2025_S7_054,overlap,unresolved,,,unresolved,https://pmc.ncbi.nlm.nih.gov/articles/PMC8489435/,2026-07-30,,,
primary_83,VUONG2025_S7_054,target_uncertainty,documented,,,documented,https://pmc.ncbi.nlm.nih.gov/articles/PMC8489435/,2026-07-30,,,
primary_83,VUONG2025_S7_054,threshold_provenance,unresolved,,,unresolved,https://pmc.ncbi.nlm.nih.gov/articles/PMC8489435/,2026-07-30,,,
primary_83,VUONG2025_S7_054,threshold_timing,unresolved,,,unresolved,https://pmc.ncbi.nlm.nih.gov/articles/PMC8489435/,2026-07-30,,,
primary_83,VUONG2025_S7_054,source_access,controlled,,,controlled,https://pmc.ncbi.nlm.nih.gov/articles/PMC8489435/,2026-07-30,,,
primary_83,VUONG2025_S7_054,target_access,controlled,,,controlled,https://pmc.ncbi.nlm.nih.gov/articles/PMC8489435/,2026-07-30,,,
primary_83,VUONG2025_S7_054,reuse_terms,unresolved,,,unresolved,https://pmc.ncbi.nlm.nih.gov/articles/PMC8489435/,2026-07-30,,,
primary_83,VUONG2025_S7_054,code_record,documented,,,documented,https://github.com/megtron9/transport-subgroups,2026-07-30,,,
primary_83,VUONG2025_S7_054,fixed_version,unresolved,,,unresolved,https://pmc.ncbi.nlm.nih.gov/articles/PMC8489435/,2026-07-30,,,
primary_83,VUONG2025_S7_054,execution_path,unresolved,,,unresolved,https://pmc.ncbi.nlm.nih.gov/articles/PMC8489435/,2026-07-30,,,
primary_83,VUONG2025_S7_055,target_definition,documented,,,documented,https://pmc.ncbi.nlm.nih.gov/articles/PMC8576379/,2026-07-30,,,
primary_83,VUONG2025_S7_055,effect_modifier,documented,,,documented,https://pmc.ncbi.nlm.nih.gov/articles/PMC8576379/,2026-07-30,,,
primary_83,VUONG2025_S7_055,harmonization,documented,,,documented,https://pmc.ncbi.nlm.nih.gov/articles/PMC8576379/,2026-07-30,,,
primary_83,VUONG2025_S7_055,overlap,unresolved,,,unresolved,https://pmc.ncbi.nlm.nih.gov/articles/PMC8576379/,2026-07-30,,,
primary_83,VUONG2025_S7_055,target_uncertainty,documented,,,documented,https://pmc.ncbi.nlm.nih.gov/articles/PMC8576379/,2026-07-30,,,
primary_83,VUONG2025_S7_055,threshold_provenance,unresolved,,,unresolved,https://pmc.ncbi.nlm.nih.gov/articles/PMC8576379/,2026-07-30,,,
primary_83,VUONG2025_S7_055,threshold_timing,unresolved,,,unresolved,https://pmc.ncbi.nlm.nih.gov/articles/PMC8576379/,2026-07-30,,,
primary_83,VUONG2025_S7_055,source_access,controlled,,,controlled,https://pmc.ncbi.nlm.nih.gov/articles/PMC8576379/,2026-07-30,,,
primary_83,VUONG2025_S7_055,target_access,controlled,,,controlled,https://pmc.ncbi.nlm.nih.gov/articles/PMC8576379/,2026-07-30,,,
primary_83,VUONG2025_S7_055,reuse_terms,unresolved,,,unresolved,https://pmc.ncbi.nlm.nih.gov/articles/PMC8576379/,2026-07-30,,,
primary_83,VUONG2025_S7_055,code_record,documented,,,documented,https://github.com/unc-cfar-bios/efv-transportability,2026-07-30,,,
primary_83,VUONG2025_S7_055,fixed_version,unresolved,,,unresolved,https://pmc.ncbi.nlm.nih.gov/articles/PMC8576379/,2026-07-30,,,
primary_83,VUONG2025_S7_055,execution_path,unresolved,,,unresolved,https://pmc.ncbi.nlm.nih.gov/articles/PMC8576379/,2026-07-30,,,
primary_83,VUONG2025_S7_056,target_definition,unresolved,,,unresolved,https://doi.org/10.1080/03007995.2022.2088715,2026-07-30,,,
primary_83,VUONG2025_S7_056,effect_modifier,unresolved,,,unresolved,https://doi.org/10.1080/03007995.2022.2088715,2026-07-30,,,
primary_83,VUONG2025_S7_056,harmonization,unresolved,,,unresolved,https://doi.org/10.1080/03007995.2022.2088715,2026-07-30,,,
primary_83,VUONG2025_S7_056,overlap,unresolved,,,unresolved,https://doi.org/10.1080/03007995.2022.2088715,2026-07-30,,,
primary_83,VUONG2025_S7_056,target_uncertainty,unresolved,,,unresolved,https://doi.org/10.1080/03007995.2022.2088715,2026-07-30,,,
primary_83,VUONG2025_S7_056,threshold_provenance,unresolved,,,unresolved,https://doi.org/10.1080/03007995.2022.2088715,2026-07-30,,,
primary_83,VUONG2025_S7_056,threshold_timing,unresolved,,,unresolved,https://doi.org/10.1080/03007995.2022.2088715,2026-07-30,,,
primary_83,VUONG2025_S7_056,source_access,unresolved,,,unresolved,https://doi.org/10.1080/03007995.2022.2088715,2026-07-30,,,
primary_83,VUONG2025_S7_056,target_access,unresolved,,,unresolved,https://doi.org/10.1080/03007995.2022.2088715,2026-07-30,,,
primary_83,VUONG2025_S7_056,reuse_terms,unresolved,,,unresolved,https://doi.org/10.1080/03007995.2022.2088715,2026-07-30,,,
primary_83,VUONG2025_S7_056,code_record,unresolved,,,unresolved,https://doi.org/10.1080/03007995.2022.2088715,2026-07-30,,,
primary_83,VUONG2025_S7_056,fixed_version,unresolved,,,unresolved,https://doi.org/10.1080/03007995.2022.2088715,2026-07-30,,,
primary_83,VUONG2025_S7_056,execution_path,unresolved,,,unresolved,https://doi.org/10.1080/03007995.2022.2088715,2026-07-30,,,
primary_83,VUONG2025_S7_057,target_definition,documented,,,documented,https://pmc.ncbi.nlm.nih.gov/articles/PMC11108581/,2026-07-30,,,
primary_83,VUONG2025_S7_057,effect_modifier,documented,,,documented,https://pmc.ncbi.nlm.nih.gov/articles/PMC11108581/,2026-07-30,,,
primary_83,VUONG2025_S7_057,harmonization,documented,,,documented,https://pmc.ncbi.nlm.nih.gov/articles/PMC11108581/,2026-07-30,,,
primary_83,VUONG2025_S7_057,overlap,partial,,,partial,https://pmc.ncbi.nlm.nih.gov/articles/PMC11108581/,2026-07-30,,,
primary_83,VUONG2025_S7_057,target_uncertainty,documented,,,documented,https://pmc.ncbi.nlm.nih.gov/articles/PMC11108581/,2026-07-30,,,
primary_83,VUONG2025_S7_057,threshold_provenance,partial,,,partial,https://pmc.ncbi.nlm.nih.gov/articles/PMC11108581/,2026-07-30,,,
primary_83,VUONG2025_S7_057,threshold_timing,not_documented,,,not_documented,https://pmc.ncbi.nlm.nih.gov/articles/PMC11108581/,2026-07-30,,,
primary_83,VUONG2025_S7_057,source_access,controlled,,,controlled,https://pmc.ncbi.nlm.nih.gov/articles/PMC11108581/,2026-07-30,,,
primary_83,VUONG2025_S7_057,target_access,controlled,,,controlled,https://pmc.ncbi.nlm.nih.gov/articles/PMC11108581/,2026-07-30,,,
primary_83,VUONG2025_S7_057,reuse_terms,not_documented,,,not_documented,https://pmc.ncbi.nlm.nih.gov/articles/PMC11108581/,2026-07-30,,,
primary_83,VUONG2025_S7_057,code_record,not_documented,,,not_documented,https://pmc.ncbi.nlm.nih.gov/articles/PMC11108581/,2026-07-30,,,
primary_83,VUONG2025_S7_057,fixed_version,not_applicable,,,not_applicable,https://pmc.ncbi.nlm.nih.gov/articles/PMC11108581/,2026-07-30,,,
primary_83,VUONG2025_S7_057,execution_path,not_applicable,,,not_applicable,https://pmc.ncbi.nlm.nih.gov/articles/PMC11108581/,2026-07-30,,,
primary_83,VUONG2025_S7_058,target_definition,unresolved,,,unresolved,https://doi.org/10.1097/bot.0000000000002704,2026-07-30,,,
primary_83,VUONG2025_S7_058,effect_modifier,unresolved,,,unresolved,https://doi.org/10.1097/bot.0000000000002704,2026-07-30,,,
primary_83,VUONG2025_S7_058,harmonization,unresolved,,,unresolved,https://doi.org/10.1097/bot.0000000000002704,2026-07-30,,,
primary_83,VUONG2025_S7_058,overlap,unresolved,,,unresolved,https://doi.org/10.1097/bot.0000000000002704,2026-07-30,,,
primary_83,VUONG2025_S7_058,target_uncertainty,unresolved,,,unresolved,https://doi.org/10.1097/bot.0000000000002704,2026-07-30,,,
primary_83,VUONG2025_S7_058,threshold_provenance,unresolved,,,unresolved,https://doi.org/10.1097/bot.0000000000002704,2026-07-30,,,
primary_83,VUONG2025_S7_058,threshold_timing,unresolved,,,unresolved,https://doi.org/10.1097/bot.0000000000002704,2026-07-30,,,
primary_83,VUONG2025_S7_058,source_access,unresolved,,,unresolved,https://doi.org/10.1097/bot.0000000000002704,2026-07-30,,,
primary_83,VUONG2025_S7_058,target_access,unresolved,,,unresolved,https://doi.org/10.1097/bot.0000000000002704,2026-07-30,,,
primary_83,VUONG2025_S7_058,reuse_terms,unresolved,,,unresolved,https://doi.org/10.1097/bot.0000000000002704,2026-07-30,,,
primary_83,VUONG2025_S7_058,code_record,unresolved,,,unresolved,https://doi.org/10.1097/bot.0000000000002704,2026-07-30,,,
primary_83,VUONG2025_S7_058,fixed_version,unresolved,,,unresolved,https://doi.org/10.1097/bot.0000000000002704,2026-07-30,,,
primary_83,VUONG2025_S7_058,execution_path,unresolved,,,unresolved,https://doi.org/10.1097/bot.0000000000002704,2026-07-30,,,
primary_83,VUONG2025_S7_059,target_definition,partial,,,partial,https://pmc.ncbi.nlm.nih.gov/articles/PMC8385597/,2026-07-30,,,
primary_83,VUONG2025_S7_059,effect_modifier,partial,,,partial,https://pmc.ncbi.nlm.nih.gov/articles/PMC8385597/,2026-07-30,,,
primary_83,VUONG2025_S7_059,harmonization,not_applicable,,,not_applicable,https://pmc.ncbi.nlm.nih.gov/articles/PMC8385597/,2026-07-30,,,
primary_83,VUONG2025_S7_059,overlap,not_documented,,,not_documented,https://pmc.ncbi.nlm.nih.gov/articles/PMC8385597/,2026-07-30,,,
primary_83,VUONG2025_S7_059,target_uncertainty,partial,,,partial,https://pmc.ncbi.nlm.nih.gov/articles/PMC8385597/,2026-07-30,,,
primary_83,VUONG2025_S7_059,threshold_provenance,partial,,,partial,https://pmc.ncbi.nlm.nih.gov/articles/PMC8385597/,2026-07-30,,,
primary_83,VUONG2025_S7_059,threshold_timing,not_documented,,,not_documented,https://pmc.ncbi.nlm.nih.gov/articles/PMC8385597/,2026-07-30,,,
primary_83,VUONG2025_S7_059,source_access,controlled,,,controlled,https://pmc.ncbi.nlm.nih.gov/articles/PMC8385597/,2026-07-30,,,
primary_83,VUONG2025_S7_059,target_access,not_applicable,,,not_applicable,https://pmc.ncbi.nlm.nih.gov/articles/PMC8385597/,2026-07-30,,,
primary_83,VUONG2025_S7_059,reuse_terms,not_documented,,,not_documented,https://pmc.ncbi.nlm.nih.gov/articles/PMC8385597/,2026-07-30,,,
primary_83,VUONG2025_S7_059,code_record,not_documented,,,not_documented,https://pmc.ncbi.nlm.nih.gov/articles/PMC8385597/,2026-07-30,,,
primary_83,VUONG2025_S7_059,fixed_version,not_applicable,,,not_applicable,https://pmc.ncbi.nlm.nih.gov/articles/PMC8385597/,2026-07-30,,,
primary_83,VUONG2025_S7_059,execution_path,not_applicable,,,not_applicable,https://pmc.ncbi.nlm.nih.gov/articles/PMC8385597/,2026-07-30,,,
primary_83,VUONG2025_S7_060,target_definition,documented,,,documented,https://pmc.ncbi.nlm.nih.gov/articles/PMC9634498/,2026-07-30,,,
primary_83,VUONG2025_S7_060,effect_modifier,documented,,,documented,https://pmc.ncbi.nlm.nih.gov/articles/PMC9634498/,2026-07-30,,,
primary_83,VUONG2025_S7_060,harmonization,partial,,,partial,https://pmc.ncbi.nlm.nih.gov/articles/PMC9634498/,2026-07-30,,,
primary_83,VUONG2025_S7_060,overlap,documented,,,documented,https://pmc.ncbi.nlm.nih.gov/articles/PMC9634498/,2026-07-30,,,
primary_83,VUONG2025_S7_060,target_uncertainty,documented,,,documented,https://pmc.ncbi.nlm.nih.gov/articles/PMC9634498/,2026-07-30,,,
primary_83,VUONG2025_S7_060,threshold_provenance,partial,,,partial,https://pmc.ncbi.nlm.nih.gov/articles/PMC9634498/,2026-07-30,,,
primary_83,VUONG2025_S7_060,threshold_timing,not_documented,,,not_documented,https://pmc.ncbi.nlm.nih.gov/articles/PMC9634498/,2026-07-30,,,
primary_83,VUONG2025_S7_060,source_access,unavailable,,,unavailable,https://pmc.ncbi.nlm.nih.gov/articles/PMC9634498/,2026-07-30,,,
primary_83,VUONG2025_S7_060,target_access,unavailable,,,unavailable,https://pmc.ncbi.nlm.nih.gov/articles/PMC9634498/,2026-07-30,,,
primary_83,VUONG2025_S7_060,reuse_terms,unresolved,,,unresolved,https://pmc.ncbi.nlm.nih.gov/articles/PMC9634498/,2026-07-30,,,
primary_83,VUONG2025_S7_060,code_record,unresolved,,,unresolved,https://pmc.ncbi.nlm.nih.gov/articles/PMC9634498/,2026-07-30,,,
primary_83,VUONG2025_S7_060,fixed_version,unresolved,,,unresolved,https://pmc.ncbi.nlm.nih.gov/articles/PMC9634498/,2026-07-30,,,
primary_83,VUONG2025_S7_060,execution_path,unresolved,,,unresolved,https://pmc.ncbi.nlm.nih.gov/articles/PMC9634498/,2026-07-30,,,
primary_83,VUONG2025_S7_061,target_definition,documented,,,documented,https://pmc.ncbi.nlm.nih.gov/articles/PMC10986821/,2026-07-30,,,
primary_83,VUONG2025_S7_061,effect_modifier,documented,,,documented,https://pmc.ncbi.nlm.nih.gov/articles/PMC10986821/,2026-07-30,,,
primary_83,VUONG2025_S7_061,harmonization,unresolved,,,unresolved,https://pmc.ncbi.nlm.nih.gov/articles/PMC10986821/,2026-07-30,,,
primary_83,VUONG2025_S7_061,overlap,unresolved,,,unresolved,https://pmc.ncbi.nlm.nih.gov/articles/PMC10986821/,2026-07-30,,,
primary_83,VUONG2025_S7_061,target_uncertainty,documented,,,documented,https://pmc.ncbi.nlm.nih.gov/articles/PMC10986821/,2026-07-30,,,
primary_83,VUONG2025_S7_061,threshold_provenance,unresolved,,,unresolved,https://pmc.ncbi.nlm.nih.gov/articles/PMC10986821/,2026-07-30,,,
primary_83,VUONG2025_S7_061,threshold_timing,unresolved,,,unresolved,https://pmc.ncbi.nlm.nih.gov/articles/PMC10986821/,2026-07-30,,,
primary_83,VUONG2025_S7_061,source_access,controlled,,,controlled,https://pmc.ncbi.nlm.nih.gov/articles/PMC10986821/,2026-07-30,,,
primary_83,VUONG2025_S7_061,target_access,controlled,,,controlled,https://pmc.ncbi.nlm.nih.gov/articles/PMC10986821/,2026-07-30,,,
primary_83,VUONG2025_S7_061,reuse_terms,unresolved,,,unresolved,https://pmc.ncbi.nlm.nih.gov/articles/PMC10986821/,2026-07-30,,,
primary_83,VUONG2025_S7_061,code_record,unresolved,,,unresolved,https://pmc.ncbi.nlm.nih.gov/articles/PMC10986821/,2026-07-30,,,
primary_83,VUONG2025_S7_061,fixed_version,unresolved,,,unresolved,https://pmc.ncbi.nlm.nih.gov/articles/PMC10986821/,2026-07-30,,,
primary_83,VUONG2025_S7_061,execution_path,unresolved,,,unresolved,https://pmc.ncbi.nlm.nih.gov/articles/PMC10986821/,2026-07-30,,,
primary_83,VUONG2025_S7_062,target_definition,documented,,,documented,https://pmc.ncbi.nlm.nih.gov/articles/PMC10828917/,2026-07-30,,,
primary_83,VUONG2025_S7_062,effect_modifier,documented,,,documented,https://pmc.ncbi.nlm.nih.gov/articles/PMC10828917/,2026-07-30,,,
primary_83,VUONG2025_S7_062,harmonization,documented,,,documented,https://pmc.ncbi.nlm.nih.gov/articles/PMC10828917/,2026-07-30,,,
primary_83,VUONG2025_S7_062,overlap,documented,,,documented,https://pmc.ncbi.nlm.nih.gov/articles/PMC10828917/,2026-07-30,,,
primary_83,VUONG2025_S7_062,target_uncertainty,documented,,,documented,https://pmc.ncbi.nlm.nih.gov/articles/PMC10828917/,2026-07-30,,,
primary_83,VUONG2025_S7_062,threshold_provenance,documented,,,documented,https://pmc.ncbi.nlm.nih.gov/articles/PMC10828917/,2026-07-30,,,
primary_83,VUONG2025_S7_062,threshold_timing,partial,,,partial,https://pmc.ncbi.nlm.nih.gov/articles/PMC10828917/,2026-07-30,,,
primary_83,VUONG2025_S7_062,source_access,controlled,,,controlled,https://pmc.ncbi.nlm.nih.gov/articles/PMC10828917/,2026-07-30,,,
primary_83,VUONG2025_S7_062,target_access,public,,,public,https://pmc.ncbi.nlm.nih.gov/articles/PMC10828917/,2026-07-30,,,
primary_83,VUONG2025_S7_062,reuse_terms,not_documented,,,not_documented,https://pmc.ncbi.nlm.nih.gov/articles/PMC10828917/,2026-07-30,,,
primary_83,VUONG2025_S7_062,code_record,not_documented,,,not_documented,https://pmc.ncbi.nlm.nih.gov/articles/PMC10828917/,2026-07-30,,,
primary_83,VUONG2025_S7_062,fixed_version,not_applicable,,,not_applicable,https://pmc.ncbi.nlm.nih.gov/articles/PMC10828917/,2026-07-30,,,
primary_83,VUONG2025_S7_062,execution_path,not_applicable,,,not_applicable,https://pmc.ncbi.nlm.nih.gov/articles/PMC10828917/,2026-07-30,,,
primary_83,VUONG2025_S7_063,target_definition,documented,,,documented,https://pmc.ncbi.nlm.nih.gov/articles/PMC11484600/,2026-07-30,,,
primary_83,VUONG2025_S7_063,effect_modifier,documented,,,documented,https://pmc.ncbi.nlm.nih.gov/articles/PMC11484600/,2026-07-30,,,
primary_83,VUONG2025_S7_063,harmonization,unresolved,,,unresolved,https://pmc.ncbi.nlm.nih.gov/articles/PMC11484600/,2026-07-30,,,
primary_83,VUONG2025_S7_063,overlap,unresolved,,,unresolved,https://pmc.ncbi.nlm.nih.gov/articles/PMC11484600/,2026-07-30,,,
primary_83,VUONG2025_S7_063,target_uncertainty,documented,,,documented,https://pmc.ncbi.nlm.nih.gov/articles/PMC11484600/,2026-07-30,,,
primary_83,VUONG2025_S7_063,threshold_provenance,unresolved,,,unresolved,https://pmc.ncbi.nlm.nih.gov/articles/PMC11484600/,2026-07-30,,,
primary_83,VUONG2025_S7_063,threshold_timing,unresolved,,,unresolved,https://pmc.ncbi.nlm.nih.gov/articles/PMC11484600/,2026-07-30,,,
primary_83,VUONG2025_S7_063,source_access,controlled,,,controlled,https://pmc.ncbi.nlm.nih.gov/articles/PMC11484600/,2026-07-30,,,
primary_83,VUONG2025_S7_063,target_access,controlled,,,controlled,https://pmc.ncbi.nlm.nih.gov/articles/PMC11484600/,2026-07-30,,,
primary_83,VUONG2025_S7_063,reuse_terms,unresolved,,,unresolved,https://pmc.ncbi.nlm.nih.gov/articles/PMC11484600/,2026-07-30,,,
primary_83,VUONG2025_S7_063,code_record,unresolved,,,unresolved,https://pmc.ncbi.nlm.nih.gov/articles/PMC11484600/,2026-07-30,,,
primary_83,VUONG2025_S7_063,fixed_version,unresolved,,,unresolved,https://pmc.ncbi.nlm.nih.gov/articles/PMC11484600/,2026-07-30,,,
primary_83,VUONG2025_S7_063,execution_path,unresolved,,,unresolved,https://pmc.ncbi.nlm.nih.gov/articles/PMC11484600/,2026-07-30,,,
primary_83,VUONG2025_S7_064,target_definition,unresolved,,,unresolved,https://doi.org/10.1093/aje/kwae371,2026-07-30,,,
primary_83,VUONG2025_S7_064,effect_modifier,unresolved,,,unresolved,https://doi.org/10.1093/aje/kwae371,2026-07-30,,,
primary_83,VUONG2025_S7_064,harmonization,unresolved,,,unresolved,https://doi.org/10.1093/aje/kwae371,2026-07-30,,,
primary_83,VUONG2025_S7_064,overlap,unresolved,,,unresolved,https://doi.org/10.1093/aje/kwae371,2026-07-30,,,
primary_83,VUONG2025_S7_064,target_uncertainty,unresolved,,,unresolved,https://doi.org/10.1093/aje/kwae371,2026-07-30,,,
primary_83,VUONG2025_S7_064,threshold_provenance,unresolved,,,unresolved,https://doi.org/10.1093/aje/kwae371,2026-07-30,,,
primary_83,VUONG2025_S7_064,threshold_timing,unresolved,,,unresolved,https://doi.org/10.1093/aje/kwae371,2026-07-30,,,
primary_83,VUONG2025_S7_064,source_access,unresolved,,,unresolved,https://doi.org/10.1093/aje/kwae371,2026-07-30,,,
primary_83,VUONG2025_S7_064,target_access,unresolved,,,unresolved,https://doi.org/10.1093/aje/kwae371,2026-07-30,,,
primary_83,VUONG2025_S7_064,reuse_terms,unresolved,,,unresolved,https://doi.org/10.1093/aje/kwae371,2026-07-30,,,
primary_83,VUONG2025_S7_064,code_record,unresolved,,,unresolved,https://doi.org/10.1093/aje/kwae371,2026-07-30,,,
primary_83,VUONG2025_S7_064,fixed_version,unresolved,,,unresolved,https://doi.org/10.1093/aje/kwae371,2026-07-30,,,
primary_83,VUONG2025_S7_064,execution_path,unresolved,,,unresolved,https://doi.org/10.1093/aje/kwae371,2026-07-30,,,
primary_83,VUONG2025_S7_065,target_definition,unresolved,,,unresolved,https://doi.org/10.1093/aje/kwae371,2026-07-30,,,
primary_83,VUONG2025_S7_065,effect_modifier,unresolved,,,unresolved,https://doi.org/10.1093/aje/kwae371,2026-07-30,,,
primary_83,VUONG2025_S7_065,harmonization,unresolved,,,unresolved,https://doi.org/10.1093/aje/kwae371,2026-07-30,,,
primary_83,VUONG2025_S7_065,overlap,unresolved,,,unresolved,https://doi.org/10.1093/aje/kwae371,2026-07-30,,,
primary_83,VUONG2025_S7_065,target_uncertainty,unresolved,,,unresolved,https://doi.org/10.1093/aje/kwae371,2026-07-30,,,
primary_83,VUONG2025_S7_065,threshold_provenance,unresolved,,,unresolved,https://doi.org/10.1093/aje/kwae371,2026-07-30,,,
primary_83,VUONG2025_S7_065,threshold_timing,unresolved,,,unresolved,https://doi.org/10.1093/aje/kwae371,2026-07-30,,,
primary_83,VUONG2025_S7_065,source_access,unresolved,,,unresolved,https://doi.org/10.1093/aje/kwae371,2026-07-30,,,
primary_83,VUONG2025_S7_065,target_access,unresolved,,,unresolved,https://doi.org/10.1093/aje/kwae371,2026-07-30,,,
primary_83,VUONG2025_S7_065,reuse_terms,unresolved,,,unresolved,https://doi.org/10.1093/aje/kwae371,2026-07-30,,,
primary_83,VUONG2025_S7_065,code_record,unresolved,,,unresolved,https://doi.org/10.1093/aje/kwae371,2026-07-30,,,
primary_83,VUONG2025_S7_065,fixed_version,unresolved,,,unresolved,https://doi.org/10.1093/aje/kwae371,2026-07-30,,,
primary_83,VUONG2025_S7_065,execution_path,unresolved,,,unresolved,https://doi.org/10.1093/aje/kwae371,2026-07-30,,,
primary_83,VUONG2025_S7_066,target_definition,documented,,,documented,https://pmc.ncbi.nlm.nih.gov/articles/PMC5792307/,2026-07-30,,,
primary_83,VUONG2025_S7_066,effect_modifier,documented,,,documented,https://pmc.ncbi.nlm.nih.gov/articles/PMC5792307/,2026-07-30,,,
primary_83,VUONG2025_S7_066,harmonization,unresolved,,,unresolved,https://pmc.ncbi.nlm.nih.gov/articles/PMC5792307/,2026-07-30,,,
primary_83,VUONG2025_S7_066,overlap,unresolved,,,unresolved,https://pmc.ncbi.nlm.nih.gov/articles/PMC5792307/,2026-07-30,,,
primary_83,VUONG2025_S7_066,target_uncertainty,documented,,,documented,https://pmc.ncbi.nlm.nih.gov/articles/PMC5792307/,2026-07-30,,,
primary_83,VUONG2025_S7_066,threshold_provenance,documented,,,documented,https://pmc.ncbi.nlm.nih.gov/articles/PMC5792307/,2026-07-30,,,
primary_83,VUONG2025_S7_066,threshold_timing,unresolved,,,unresolved,https://pmc.ncbi.nlm.nih.gov/articles/PMC5792307/,2026-07-30,,,
primary_83,VUONG2025_S7_066,source_access,controlled,,,controlled,https://pmc.ncbi.nlm.nih.gov/articles/PMC5792307/,2026-07-30,,,
primary_83,VUONG2025_S7_066,target_access,controlled,,,controlled,https://pmc.ncbi.nlm.nih.gov/articles/PMC5792307/,2026-07-30,,,
primary_83,VUONG2025_S7_066,reuse_terms,unresolved,,,unresolved,https://pmc.ncbi.nlm.nih.gov/articles/PMC5792307/,2026-07-30,,,
primary_83,VUONG2025_S7_066,code_record,documented,,,documented,https://github.com/cherrygarcia/MTO-site-transportability-paper-code/blob/master/submissioncode1.R,2026-07-30,,,
primary_83,VUONG2025_S7_066,fixed_version,unresolved,,,unresolved,https://pmc.ncbi.nlm.nih.gov/articles/PMC5792307/,2026-07-30,,,
primary_83,VUONG2025_S7_066,execution_path,unresolved,,,unresolved,https://pmc.ncbi.nlm.nih.gov/articles/PMC5792307/,2026-07-30,,,
primary_83,VUONG2025_S7_067,target_definition,documented,,,documented,https://pmc.ncbi.nlm.nih.gov/articles/PMC7269870/,2026-07-30,,,
primary_83,VUONG2025_S7_067,effect_modifier,documented,,,documented,https://pmc.ncbi.nlm.nih.gov/articles/PMC7269870/,2026-07-30,,,
primary_83,VUONG2025_S7_067,harmonization,unresolved,,,unresolved,https://pmc.ncbi.nlm.nih.gov/articles/PMC7269870/,2026-07-30,,,
primary_83,VUONG2025_S7_067,overlap,unresolved,,,unresolved,https://pmc.ncbi.nlm.nih.gov/articles/PMC7269870/,2026-07-30,,,
primary_83,VUONG2025_S7_067,target_uncertainty,unresolved,,,unresolved,https://pmc.ncbi.nlm.nih.gov/articles/PMC7269870/,2026-07-30,,,
primary_83,VUONG2025_S7_067,threshold_provenance,unresolved,,,unresolved,https://pmc.ncbi.nlm.nih.gov/articles/PMC7269870/,2026-07-30,,,
primary_83,VUONG2025_S7_067,threshold_timing,unresolved,,,unresolved,https://pmc.ncbi.nlm.nih.gov/articles/PMC7269870/,2026-07-30,,,
primary_83,VUONG2025_S7_067,source_access,controlled,,,controlled,https://pmc.ncbi.nlm.nih.gov/articles/PMC7269870/,2026-07-30,,,
primary_83,VUONG2025_S7_067,target_access,controlled,,,controlled,https://pmc.ncbi.nlm.nih.gov/articles/PMC7269870/,2026-07-30,,,
primary_83,VUONG2025_S7_067,reuse_terms,unresolved,,,unresolved,https://pmc.ncbi.nlm.nih.gov/articles/PMC7269870/,2026-07-30,,,
primary_83,VUONG2025_S7_067,code_record,unresolved,,,unresolved,https://pmc.ncbi.nlm.nih.gov/articles/PMC7269870/,2026-07-30,,,
primary_83,VUONG2025_S7_067,fixed_version,unresolved,,,unresolved,https://pmc.ncbi.nlm.nih.gov/articles/PMC7269870/,2026-07-30,,,
primary_83,VUONG2025_S7_067,execution_path,unresolved,,,unresolved,https://pmc.ncbi.nlm.nih.gov/articles/PMC7269870/,2026-07-30,,,
primary_83,VUONG2025_S7_068,target_definition,unresolved,,,unresolved,https://pmc.ncbi.nlm.nih.gov/articles/PMC7664994/,2026-07-30,,,
primary_83,VUONG2025_S7_068,effect_modifier,documented,,,documented,https://pmc.ncbi.nlm.nih.gov/articles/PMC7664994/,2026-07-30,,,
primary_83,VUONG2025_S7_068,harmonization,not_applicable,,,not_applicable,https://pmc.ncbi.nlm.nih.gov/articles/PMC7664994/,2026-07-30,,,
primary_83,VUONG2025_S7_068,overlap,unresolved,,,unresolved,https://pmc.ncbi.nlm.nih.gov/articles/PMC7664994/,2026-07-30,,,
primary_83,VUONG2025_S7_068,target_uncertainty,documented,,,documented,https://pmc.ncbi.nlm.nih.gov/articles/PMC7664994/,2026-07-30,,,
primary_83,VUONG2025_S7_068,threshold_provenance,unresolved,,,unresolved,https://pmc.ncbi.nlm.nih.gov/articles/PMC7664994/,2026-07-30,,,
primary_83,VUONG2025_S7_068,threshold_timing,unresolved,,,unresolved,https://pmc.ncbi.nlm.nih.gov/articles/PMC7664994/,2026-07-30,,,
primary_83,VUONG2025_S7_068,source_access,controlled,,,controlled,https://pmc.ncbi.nlm.nih.gov/articles/PMC7664994/,2026-07-30,,,
primary_83,VUONG2025_S7_068,target_access,controlled,,,controlled,https://pmc.ncbi.nlm.nih.gov/articles/PMC7664994/,2026-07-30,,,
primary_83,VUONG2025_S7_068,reuse_terms,unresolved,,,unresolved,https://pmc.ncbi.nlm.nih.gov/articles/PMC7664994/,2026-07-30,,,
primary_83,VUONG2025_S7_068,code_record,unresolved,,,unresolved,https://pmc.ncbi.nlm.nih.gov/articles/PMC7664994/,2026-07-30,,,
primary_83,VUONG2025_S7_068,fixed_version,unresolved,,,unresolved,https://pmc.ncbi.nlm.nih.gov/articles/PMC7664994/,2026-07-30,,,
primary_83,VUONG2025_S7_068,execution_path,unresolved,,,unresolved,https://pmc.ncbi.nlm.nih.gov/articles/PMC7664994/,2026-07-30,,,
primary_83,VUONG2025_S7_069,target_definition,unresolved,,,unresolved,https://pmc.ncbi.nlm.nih.gov/articles/PMC5784860/,2026-07-30,,,
primary_83,VUONG2025_S7_069,effect_modifier,documented,,,documented,https://pmc.ncbi.nlm.nih.gov/articles/PMC5784860/,2026-07-30,,,
primary_83,VUONG2025_S7_069,harmonization,not_applicable,,,not_applicable,https://pmc.ncbi.nlm.nih.gov/articles/PMC5784860/,2026-07-30,,,
primary_83,VUONG2025_S7_069,overlap,unresolved,,,unresolved,https://pmc.ncbi.nlm.nih.gov/articles/PMC5784860/,2026-07-30,,,
primary_83,VUONG2025_S7_069,target_uncertainty,documented,,,documented,https://pmc.ncbi.nlm.nih.gov/articles/PMC5784860/,2026-07-30,,,
primary_83,VUONG2025_S7_069,threshold_provenance,unresolved,,,unresolved,https://pmc.ncbi.nlm.nih.gov/articles/PMC5784860/,2026-07-30,,,
primary_83,VUONG2025_S7_069,threshold_timing,unresolved,,,unresolved,https://pmc.ncbi.nlm.nih.gov/articles/PMC5784860/,2026-07-30,,,
primary_83,VUONG2025_S7_069,source_access,unresolved,,,unresolved,https://pmc.ncbi.nlm.nih.gov/articles/PMC5784860/,2026-07-30,,,
primary_83,VUONG2025_S7_069,target_access,unresolved,,,unresolved,https://pmc.ncbi.nlm.nih.gov/articles/PMC5784860/,2026-07-30,,,
primary_83,VUONG2025_S7_069,reuse_terms,unresolved,,,unresolved,https://pmc.ncbi.nlm.nih.gov/articles/PMC5784860/,2026-07-30,,,
primary_83,VUONG2025_S7_069,code_record,unresolved,,,unresolved,https://pmc.ncbi.nlm.nih.gov/articles/PMC5784860/,2026-07-30,,,
primary_83,VUONG2025_S7_069,fixed_version,unresolved,,,unresolved,https://pmc.ncbi.nlm.nih.gov/articles/PMC5784860/,2026-07-30,,,
primary_83,VUONG2025_S7_069,execution_path,unresolved,,,unresolved,https://pmc.ncbi.nlm.nih.gov/articles/PMC5784860/,2026-07-30,,,
primary_83,VUONG2025_S7_070,target_definition,partial,,,partial,https://pmc.ncbi.nlm.nih.gov/articles/PMC10910888/,2026-07-30,,,
primary_83,VUONG2025_S7_070,effect_modifier,documented,,,documented,https://pmc.ncbi.nlm.nih.gov/articles/PMC10910888/,2026-07-30,,,
primary_83,VUONG2025_S7_070,harmonization,partial,,,partial,https://pmc.ncbi.nlm.nih.gov/articles/PMC10910888/,2026-07-30,,,
primary_83,VUONG2025_S7_070,overlap,partial,,,partial,https://pmc.ncbi.nlm.nih.gov/articles/PMC10910888/,2026-07-30,,,
primary_83,VUONG2025_S7_070,target_uncertainty,partial,,,partial,https://pmc.ncbi.nlm.nih.gov/articles/PMC10910888/,2026-07-30,,,
primary_83,VUONG2025_S7_070,threshold_provenance,partial,,,partial,https://pmc.ncbi.nlm.nih.gov/articles/PMC10910888/,2026-07-30,,,
primary_83,VUONG2025_S7_070,threshold_timing,not_documented,,,not_documented,https://pmc.ncbi.nlm.nih.gov/articles/PMC10910888/,2026-07-30,,,
primary_83,VUONG2025_S7_070,source_access,unavailable,,,unavailable,https://pmc.ncbi.nlm.nih.gov/articles/PMC10910888/,2026-07-30,,,
primary_83,VUONG2025_S7_070,target_access,not_applicable,,,not_applicable,https://pmc.ncbi.nlm.nih.gov/articles/PMC10910888/,2026-07-30,,,
primary_83,VUONG2025_S7_070,reuse_terms,not_documented,,,not_documented,https://github.com/dzugna/transportability-tmle.git,2026-07-30,,,
primary_83,VUONG2025_S7_070,code_record,documented,,,documented,https://github.com/dzugna/transportability-tmle.git,2026-07-30,,,
primary_83,VUONG2025_S7_070,fixed_version,not_verified,,,not_verified,https://github.com/dzugna/transportability-tmle.git,2026-07-30,,,
primary_83,VUONG2025_S7_070,execution_path,not_self_contained,,,not_self_contained,https://github.com/dzugna/transportability-tmle.git,2026-07-30,,,
primary_83,VUONG2025_S7_071,target_definition,documented,,,documented,https://pmc.ncbi.nlm.nih.gov/articles/PMC10843571/,2026-07-30,,,
primary_83,VUONG2025_S7_071,effect_modifier,documented,,,documented,https://pmc.ncbi.nlm.nih.gov/articles/PMC10843571/,2026-07-30,,,
primary_83,VUONG2025_S7_071,harmonization,documented,,,documented,https://pmc.ncbi.nlm.nih.gov/articles/PMC10843571/,2026-07-30,,,
primary_83,VUONG2025_S7_071,overlap,documented,,,documented,https://pmc.ncbi.nlm.nih.gov/articles/PMC10843571/,2026-07-30,,,
primary_83,VUONG2025_S7_071,target_uncertainty,documented,,,documented,https://pmc.ncbi.nlm.nih.gov/articles/PMC10843571/,2026-07-30,,,
primary_83,VUONG2025_S7_071,threshold_provenance,partial,,,partial,https://pmc.ncbi.nlm.nih.gov/articles/PMC10843571/,2026-07-30,,,
primary_83,VUONG2025_S7_071,threshold_timing,not_documented,,,not_documented,https://pmc.ncbi.nlm.nih.gov/articles/PMC10843571/,2026-07-30,,,
primary_83,VUONG2025_S7_071,source_access,controlled,,,controlled,https://pmc.ncbi.nlm.nih.gov/articles/PMC10843571/,2026-07-30,,,
primary_83,VUONG2025_S7_071,target_access,controlled,,,controlled,https://pmc.ncbi.nlm.nih.gov/articles/PMC10843571/,2026-07-30,,,
primary_83,VUONG2025_S7_071,reuse_terms,not_documented,,,not_documented,https://github.com/bonnieshook/BridgedTreatmentComparisons,2026-07-30,,,
primary_83,VUONG2025_S7_071,code_record,documented,,,documented,https://github.com/bonnieshook/BridgedTreatmentComparisons,2026-07-30,,,
primary_83,VUONG2025_S7_071,fixed_version,not_verified,,,not_verified,https://github.com/bonnieshook/BridgedTreatmentComparisons,2026-07-30,,,
primary_83,VUONG2025_S7_071,execution_path,not_self_contained,,,not_self_contained,https://github.com/bonnieshook/BridgedTreatmentComparisons,2026-07-30,,,
primary_83,VUONG2025_S7_072,target_definition,unresolved,,,unresolved,https://doi.org/10.1002/sim.9963,2026-07-30,,,
primary_83,VUONG2025_S7_072,effect_modifier,unresolved,,,unresolved,https://doi.org/10.1002/sim.9963,2026-07-30,,,
primary_83,VUONG2025_S7_072,harmonization,unresolved,,,unresolved,https://doi.org/10.1002/sim.9963,2026-07-30,,,
primary_83,VUONG2025_S7_072,overlap,unresolved,,,unresolved,https://doi.org/10.1002/sim.9963,2026-07-30,,,
primary_83,VUONG2025_S7_072,target_uncertainty,unresolved,,,unresolved,https://doi.org/10.1002/sim.9963,2026-07-30,,,
primary_83,VUONG2025_S7_072,threshold_provenance,unresolved,,,unresolved,https://doi.org/10.1002/sim.9963,2026-07-30,,,
primary_83,VUONG2025_S7_072,threshold_timing,unresolved,,,unresolved,https://doi.org/10.1002/sim.9963,2026-07-30,,,
primary_83,VUONG2025_S7_072,source_access,unresolved,,,unresolved,https://doi.org/10.1002/sim.9963,2026-07-30,,,
primary_83,VUONG2025_S7_072,target_access,unresolved,,,unresolved,https://doi.org/10.1002/sim.9963,2026-07-30,,,
primary_83,VUONG2025_S7_072,reuse_terms,unresolved,,,unresolved,https://doi.org/10.1002/sim.9963,2026-07-30,,,
primary_83,VUONG2025_S7_072,code_record,unresolved,,,unresolved,https://doi.org/10.1002/sim.9963,2026-07-30,,,
primary_83,VUONG2025_S7_072,fixed_version,unresolved,,,unresolved,https://doi.org/10.1002/sim.9963,2026-07-30,,,
primary_83,VUONG2025_S7_072,execution_path,unresolved,,,unresolved,https://doi.org/10.1002/sim.9963,2026-07-30,,,
primary_83,VUONG2025_S7_073,target_definition,documented,,,documented,https://pmc.ncbi.nlm.nih.gov/articles/PMC11017122/,2026-07-30,,,
primary_83,VUONG2025_S7_073,effect_modifier,documented,,,documented,https://pmc.ncbi.nlm.nih.gov/articles/PMC11017122/,2026-07-30,,,
primary_83,VUONG2025_S7_073,harmonization,unresolved,,,unresolved,https://pmc.ncbi.nlm.nih.gov/articles/PMC11017122/,2026-07-30,,,
primary_83,VUONG2025_S7_073,overlap,unresolved,,,unresolved,https://pmc.ncbi.nlm.nih.gov/articles/PMC11017122/,2026-07-30,,,
primary_83,VUONG2025_S7_073,target_uncertainty,documented,,,documented,https://pmc.ncbi.nlm.nih.gov/articles/PMC11017122/,2026-07-30,,,
primary_83,VUONG2025_S7_073,threshold_provenance,unresolved,,,unresolved,https://pmc.ncbi.nlm.nih.gov/articles/PMC11017122/,2026-07-30,,,
primary_83,VUONG2025_S7_073,threshold_timing,unresolved,,,unresolved,https://pmc.ncbi.nlm.nih.gov/articles/PMC11017122/,2026-07-30,,,
primary_83,VUONG2025_S7_073,source_access,controlled,,,controlled,https://pmc.ncbi.nlm.nih.gov/articles/PMC11017122/,2026-07-30,,,
primary_83,VUONG2025_S7_073,target_access,public,,,public,https://pmc.ncbi.nlm.nih.gov/articles/PMC11017122/,2026-07-30,,,
primary_83,VUONG2025_S7_073,reuse_terms,unresolved,,,unresolved,https://pmc.ncbi.nlm.nih.gov/articles/PMC11017122/,2026-07-30,,,
primary_83,VUONG2025_S7_073,code_record,unresolved,,,unresolved,https://pmc.ncbi.nlm.nih.gov/articles/PMC11017122/,2026-07-30,,,
primary_83,VUONG2025_S7_073,fixed_version,unresolved,,,unresolved,https://pmc.ncbi.nlm.nih.gov/articles/PMC11017122/,2026-07-30,,,
primary_83,VUONG2025_S7_073,execution_path,unresolved,,,unresolved,https://pmc.ncbi.nlm.nih.gov/articles/PMC11017122/,2026-07-30,,,
primary_83,VUONG2025_S7_074,target_definition,documented,,,documented,https://pmc.ncbi.nlm.nih.gov/articles/PMC4051511/,2026-07-30,,,
primary_83,VUONG2025_S7_074,effect_modifier,partial,,,partial,https://pmc.ncbi.nlm.nih.gov/articles/PMC4051511/,2026-07-30,,,
primary_83,VUONG2025_S7_074,harmonization,not_documented,,,not_documented,https://pmc.ncbi.nlm.nih.gov/articles/PMC4051511/,2026-07-30,,,
primary_83,VUONG2025_S7_074,overlap,documented,,,documented,https://pmc.ncbi.nlm.nih.gov/articles/PMC4051511/,2026-07-30,,,
primary_83,VUONG2025_S7_074,target_uncertainty,not_documented,,,not_documented,https://pmc.ncbi.nlm.nih.gov/articles/PMC4051511/,2026-07-30,,,
primary_83,VUONG2025_S7_074,threshold_provenance,partial,,,partial,https://pmc.ncbi.nlm.nih.gov/articles/PMC4051511/,2026-07-30,,,
primary_83,VUONG2025_S7_074,threshold_timing,not_documented,,,not_documented,https://pmc.ncbi.nlm.nih.gov/articles/PMC4051511/,2026-07-30,,,
primary_83,VUONG2025_S7_074,source_access,unclear,,,unclear,https://pmc.ncbi.nlm.nih.gov/articles/PMC4051511/,2026-07-30,,,
primary_83,VUONG2025_S7_074,target_access,public,,,public,https://pmc.ncbi.nlm.nih.gov/articles/PMC4051511/,2026-07-30,,,
primary_83,VUONG2025_S7_074,reuse_terms,not_documented,,,not_documented,https://pmc.ncbi.nlm.nih.gov/articles/PMC4051511/,2026-07-30,,,
primary_83,VUONG2025_S7_074,code_record,not_documented,,,not_documented,https://pmc.ncbi.nlm.nih.gov/articles/PMC4051511/,2026-07-30,,,
primary_83,VUONG2025_S7_074,fixed_version,not_applicable,,,not_applicable,https://pmc.ncbi.nlm.nih.gov/articles/PMC4051511/,2026-07-30,,,
primary_83,VUONG2025_S7_074,execution_path,not_applicable,,,not_applicable,https://pmc.ncbi.nlm.nih.gov/articles/PMC4051511/,2026-07-30,,,
primary_83,VUONG2025_S7_075,target_definition,documented,,,documented,https://pmc.ncbi.nlm.nih.gov/articles/PMC8317069/,2026-07-30,,,
primary_83,VUONG2025_S7_075,effect_modifier,documented,,,documented,https://pmc.ncbi.nlm.nih.gov/articles/PMC8317069/,2026-07-30,,,
primary_83,VUONG2025_S7_075,harmonization,documented,,,documented,https://pmc.ncbi.nlm.nih.gov/articles/PMC8317069/,2026-07-30,,,
primary_83,VUONG2025_S7_075,overlap,documented,,,documented,https://pmc.ncbi.nlm.nih.gov/articles/PMC8317069/,2026-07-30,,,
primary_83,VUONG2025_S7_075,target_uncertainty,partial,,,partial,https://pmc.ncbi.nlm.nih.gov/articles/PMC8317069/,2026-07-30,,,
primary_83,VUONG2025_S7_075,threshold_provenance,documented,,,documented,https://pmc.ncbi.nlm.nih.gov/articles/PMC8317069/,2026-07-30,,,
primary_83,VUONG2025_S7_075,threshold_timing,not_documented,,,not_documented,https://pmc.ncbi.nlm.nih.gov/articles/PMC8317069/,2026-07-30,,,
primary_83,VUONG2025_S7_075,source_access,controlled,,,controlled,https://pmc.ncbi.nlm.nih.gov/articles/PMC8317069/,2026-07-30,,,
primary_83,VUONG2025_S7_075,target_access,controlled,,,controlled,https://pmc.ncbi.nlm.nih.gov/articles/PMC8317069/,2026-07-30,,,
primary_83,VUONG2025_S7_075,reuse_terms,not_documented,,,not_documented,https://pmc.ncbi.nlm.nih.gov/articles/PMC8317069/,2026-07-30,,,
primary_83,VUONG2025_S7_075,code_record,not_documented,,,not_documented,https://pmc.ncbi.nlm.nih.gov/articles/PMC8317069/,2026-07-30,,,
primary_83,VUONG2025_S7_075,fixed_version,not_applicable,,,not_applicable,https://pmc.ncbi.nlm.nih.gov/articles/PMC8317069/,2026-07-30,,,
primary_83,VUONG2025_S7_075,execution_path,not_applicable,,,not_applicable,https://pmc.ncbi.nlm.nih.gov/articles/PMC8317069/,2026-07-30,,,
primary_83,VUONG2025_S7_076,target_definition,documented,,,documented,https://pmc.ncbi.nlm.nih.gov/articles/PMC5461185/,2026-07-30,,,
primary_83,VUONG2025_S7_076,effect_modifier,unresolved,,,unresolved,https://pmc.ncbi.nlm.nih.gov/articles/PMC5461185/,2026-07-30,,,
primary_83,VUONG2025_S7_076,harmonization,unresolved,,,unresolved,https://pmc.ncbi.nlm.nih.gov/articles/PMC5461185/,2026-07-30,,,
primary_83,VUONG2025_S7_076,overlap,unresolved,,,unresolved,https://pmc.ncbi.nlm.nih.gov/articles/PMC5461185/,2026-07-30,,,
primary_83,VUONG2025_S7_076,target_uncertainty,unresolved,,,unresolved,https://pmc.ncbi.nlm.nih.gov/articles/PMC5461185/,2026-07-30,,,
primary_83,VUONG2025_S7_076,threshold_provenance,unresolved,,,unresolved,https://pmc.ncbi.nlm.nih.gov/articles/PMC5461185/,2026-07-30,,,
primary_83,VUONG2025_S7_076,threshold_timing,unresolved,,,unresolved,https://pmc.ncbi.nlm.nih.gov/articles/PMC5461185/,2026-07-30,,,
primary_83,VUONG2025_S7_076,source_access,controlled,,,controlled,https://pmc.ncbi.nlm.nih.gov/articles/PMC5461185/,2026-07-30,,,
primary_83,VUONG2025_S7_076,target_access,public,,,public,https://pmc.ncbi.nlm.nih.gov/articles/PMC5461185/,2026-07-30,,,
primary_83,VUONG2025_S7_076,reuse_terms,unresolved,,,unresolved,https://pmc.ncbi.nlm.nih.gov/articles/PMC5461185/,2026-07-30,,,
primary_83,VUONG2025_S7_076,code_record,unresolved,,,unresolved,https://pmc.ncbi.nlm.nih.gov/articles/PMC5461185/,2026-07-30,,,
primary_83,VUONG2025_S7_076,fixed_version,unresolved,,,unresolved,https://pmc.ncbi.nlm.nih.gov/articles/PMC5461185/,2026-07-30,,,
primary_83,VUONG2025_S7_076,execution_path,unresolved,,,unresolved,https://pmc.ncbi.nlm.nih.gov/articles/PMC5461185/,2026-07-30,,,
primary_83,VUONG2025_S7_077,target_definition,unresolved,,,unresolved,https://doi.org/10.1002/bimj.202000269,2026-07-30,,,
primary_83,VUONG2025_S7_077,effect_modifier,unresolved,,,unresolved,https://doi.org/10.1002/bimj.202000269,2026-07-30,,,
primary_83,VUONG2025_S7_077,harmonization,unresolved,,,unresolved,https://doi.org/10.1002/bimj.202000269,2026-07-30,,,
primary_83,VUONG2025_S7_077,overlap,unresolved,,,unresolved,https://doi.org/10.1002/bimj.202000269,2026-07-30,,,
primary_83,VUONG2025_S7_077,target_uncertainty,unresolved,,,unresolved,https://doi.org/10.1002/bimj.202000269,2026-07-30,,,
primary_83,VUONG2025_S7_077,threshold_provenance,unresolved,,,unresolved,https://doi.org/10.1002/bimj.202000269,2026-07-30,,,
primary_83,VUONG2025_S7_077,threshold_timing,unresolved,,,unresolved,https://doi.org/10.1002/bimj.202000269,2026-07-30,,,
primary_83,VUONG2025_S7_077,source_access,unresolved,,,unresolved,https://doi.org/10.1002/bimj.202000269,2026-07-30,,,
primary_83,VUONG2025_S7_077,target_access,unresolved,,,unresolved,https://doi.org/10.1002/bimj.202000269,2026-07-30,,,
primary_83,VUONG2025_S7_077,reuse_terms,unresolved,,,unresolved,https://doi.org/10.1002/bimj.202000269,2026-07-30,,,
primary_83,VUONG2025_S7_077,code_record,unresolved,,,unresolved,https://doi.org/10.1002/bimj.202000269,2026-07-30,,,
primary_83,VUONG2025_S7_077,fixed_version,unresolved,,,unresolved,https://doi.org/10.1002/bimj.202000269,2026-07-30,,,
primary_83,VUONG2025_S7_077,execution_path,unresolved,,,unresolved,https://doi.org/10.1002/bimj.202000269,2026-07-30,,,
primary_83,VUONG2025_S7_078,target_definition,documented,,,documented,https://pmc.ncbi.nlm.nih.gov/articles/PMC6269648/,2026-07-30,,,
primary_83,VUONG2025_S7_078,effect_modifier,documented,,,documented,https://pmc.ncbi.nlm.nih.gov/articles/PMC6269648/,2026-07-30,,,
primary_83,VUONG2025_S7_078,harmonization,documented,,,documented,https://pmc.ncbi.nlm.nih.gov/articles/PMC6269648/,2026-07-30,,,
primary_83,VUONG2025_S7_078,overlap,documented,,,documented,https://pmc.ncbi.nlm.nih.gov/articles/PMC6269648/,2026-07-30,,,
primary_83,VUONG2025_S7_078,target_uncertainty,documented,,,documented,https://pmc.ncbi.nlm.nih.gov/articles/PMC6269648/,2026-07-30,,,
primary_83,VUONG2025_S7_078,threshold_provenance,documented,,,documented,https://pmc.ncbi.nlm.nih.gov/articles/PMC6269648/,2026-07-30,,,
primary_83,VUONG2025_S7_078,threshold_timing,unresolved,,,unresolved,https://pmc.ncbi.nlm.nih.gov/articles/PMC6269648/,2026-07-30,,,
primary_83,VUONG2025_S7_078,source_access,controlled,,,controlled,https://pmc.ncbi.nlm.nih.gov/articles/PMC6269648/,2026-07-30,,,
primary_83,VUONG2025_S7_078,target_access,controlled,,,controlled,https://pmc.ncbi.nlm.nih.gov/articles/PMC6269648/,2026-07-30,,,
primary_83,VUONG2025_S7_078,reuse_terms,unresolved,,,unresolved,https://pmc.ncbi.nlm.nih.gov/articles/PMC6269648/,2026-07-30,,,
primary_83,VUONG2025_S7_078,code_record,unresolved,,,unresolved,https://pmc.ncbi.nlm.nih.gov/articles/PMC6269648/,2026-07-30,,,
primary_83,VUONG2025_S7_078,fixed_version,unresolved,,,unresolved,https://pmc.ncbi.nlm.nih.gov/articles/PMC6269648/,2026-07-30,,,
primary_83,VUONG2025_S7_078,execution_path,unresolved,,,unresolved,https://pmc.ncbi.nlm.nih.gov/articles/PMC6269648/,2026-07-30,,,
primary_83,VUONG2025_S7_079,target_definition,unresolved,,,unresolved,https://doi.org/10.1097/ede.0000000000001230,2026-07-30,,,
primary_83,VUONG2025_S7_079,effect_modifier,unresolved,,,unresolved,https://doi.org/10.1097/ede.0000000000001230,2026-07-30,,,
primary_83,VUONG2025_S7_079,harmonization,unresolved,,,unresolved,https://doi.org/10.1097/ede.0000000000001230,2026-07-30,,,
primary_83,VUONG2025_S7_079,overlap,unresolved,,,unresolved,https://doi.org/10.1097/ede.0000000000001230,2026-07-30,,,
primary_83,VUONG2025_S7_079,target_uncertainty,unresolved,,,unresolved,https://doi.org/10.1097/ede.0000000000001230,2026-07-30,,,
primary_83,VUONG2025_S7_079,threshold_provenance,unresolved,,,unresolved,https://doi.org/10.1097/ede.0000000000001230,2026-07-30,,,
primary_83,VUONG2025_S7_079,threshold_timing,unresolved,,,unresolved,https://doi.org/10.1097/ede.0000000000001230,2026-07-30,,,
primary_83,VUONG2025_S7_079,source_access,unresolved,,,unresolved,https://doi.org/10.1097/ede.0000000000001230,2026-07-30,,,
primary_83,VUONG2025_S7_079,target_access,unresolved,,,unresolved,https://doi.org/10.1097/ede.0000000000001230,2026-07-30,,,
primary_83,VUONG2025_S7_079,reuse_terms,unresolved,,,unresolved,https://doi.org/10.1097/ede.0000000000001230,2026-07-30,,,
primary_83,VUONG2025_S7_079,code_record,unresolved,,,unresolved,https://doi.org/10.1097/ede.0000000000001230,2026-07-30,,,
primary_83,VUONG2025_S7_079,fixed_version,unresolved,,,unresolved,https://doi.org/10.1097/ede.0000000000001230,2026-07-30,,,
primary_83,VUONG2025_S7_079,execution_path,unresolved,,,unresolved,https://doi.org/10.1097/ede.0000000000001230,2026-07-30,,,
primary_83,VUONG2025_S7_080,target_definition,unresolved,,,unresolved,https://doi.org/10.1016/j.jclinepi.2023.08.019,2026-07-30,,,
primary_83,VUONG2025_S7_080,effect_modifier,unresolved,,,unresolved,https://doi.org/10.1016/j.jclinepi.2023.08.019,2026-07-30,,,
primary_83,VUONG2025_S7_080,harmonization,unresolved,,,unresolved,https://doi.org/10.1016/j.jclinepi.2023.08.019,2026-07-30,,,
primary_83,VUONG2025_S7_080,overlap,unresolved,,,unresolved,https://doi.org/10.1016/j.jclinepi.2023.08.019,2026-07-30,,,
primary_83,VUONG2025_S7_080,target_uncertainty,unresolved,,,unresolved,https://doi.org/10.1016/j.jclinepi.2023.08.019,2026-07-30,,,
primary_83,VUONG2025_S7_080,threshold_provenance,unresolved,,,unresolved,https://doi.org/10.1016/j.jclinepi.2023.08.019,2026-07-30,,,
primary_83,VUONG2025_S7_080,threshold_timing,unresolved,,,unresolved,https://doi.org/10.1016/j.jclinepi.2023.08.019,2026-07-30,,,
primary_83,VUONG2025_S7_080,source_access,unresolved,,,unresolved,https://doi.org/10.1016/j.jclinepi.2023.08.019,2026-07-30,,,
primary_83,VUONG2025_S7_080,target_access,unresolved,,,unresolved,https://doi.org/10.1016/j.jclinepi.2023.08.019,2026-07-30,,,
primary_83,VUONG2025_S7_080,reuse_terms,unresolved,,,unresolved,https://doi.org/10.1016/j.jclinepi.2023.08.019,2026-07-30,,,
primary_83,VUONG2025_S7_080,code_record,unresolved,,,unresolved,https://doi.org/10.1016/j.jclinepi.2023.08.019,2026-07-30,,,
primary_83,VUONG2025_S7_080,fixed_version,unresolved,,,unresolved,https://doi.org/10.1016/j.jclinepi.2023.08.019,2026-07-30,,,
primary_83,VUONG2025_S7_080,execution_path,unresolved,,,unresolved,https://doi.org/10.1016/j.jclinepi.2023.08.019,2026-07-30,,,
primary_83,VUONG2025_S7_081,target_definition,unresolved,,,unresolved,https://pmc.ncbi.nlm.nih.gov/articles/PMC10841168/,2026-07-30,,,
primary_83,VUONG2025_S7_081,effect_modifier,documented,,,documented,https://pmc.ncbi.nlm.nih.gov/articles/PMC10841168/,2026-07-30,,,
primary_83,VUONG2025_S7_081,harmonization,not_applicable,,,not_applicable,https://pmc.ncbi.nlm.nih.gov/articles/PMC10841168/,2026-07-30,,,
primary_83,VUONG2025_S7_081,overlap,documented,,,documented,https://pmc.ncbi.nlm.nih.gov/articles/PMC10841168/,2026-07-30,,,
primary_83,VUONG2025_S7_081,target_uncertainty,documented,,,documented,https://pmc.ncbi.nlm.nih.gov/articles/PMC10841168/,2026-07-30,,,
primary_83,VUONG2025_S7_081,threshold_provenance,unresolved,,,unresolved,https://pmc.ncbi.nlm.nih.gov/articles/PMC10841168/,2026-07-30,,,
primary_83,VUONG2025_S7_081,threshold_timing,unresolved,,,unresolved,https://pmc.ncbi.nlm.nih.gov/articles/PMC10841168/,2026-07-30,,,
primary_83,VUONG2025_S7_081,source_access,controlled,,,controlled,https://pmc.ncbi.nlm.nih.gov/articles/PMC10841168/,2026-07-30,,,
primary_83,VUONG2025_S7_081,target_access,not_applicable,,,not_applicable,https://pmc.ncbi.nlm.nih.gov/articles/PMC10841168/,2026-07-30,,,
primary_83,VUONG2025_S7_081,reuse_terms,unresolved,,,unresolved,https://pmc.ncbi.nlm.nih.gov/articles/PMC10841168/,2026-07-30,,,
primary_83,VUONG2025_S7_081,code_record,documented,,,documented,https://github.com/pzivich/publications-code,2026-07-30,,,
primary_83,VUONG2025_S7_081,fixed_version,unresolved,,,unresolved,https://pmc.ncbi.nlm.nih.gov/articles/PMC10841168/,2026-07-30,,,
primary_83,VUONG2025_S7_081,execution_path,unresolved,,,unresolved,https://pmc.ncbi.nlm.nih.gov/articles/PMC10841168/,2026-07-30,,,
primary_83,VUONG2025_S7_082,target_definition,documented,,,documented,https://pmc.ncbi.nlm.nih.gov/articles/PMC13016693/,2026-07-30,,,
primary_83,VUONG2025_S7_082,effect_modifier,documented,,,documented,https://pmc.ncbi.nlm.nih.gov/articles/PMC13016693/,2026-07-30,,,
primary_83,VUONG2025_S7_082,harmonization,documented,,,documented,https://pmc.ncbi.nlm.nih.gov/articles/PMC13016693/,2026-07-30,,,
primary_83,VUONG2025_S7_082,overlap,documented,,,documented,https://pmc.ncbi.nlm.nih.gov/articles/PMC13016693/,2026-07-30,,,
primary_83,VUONG2025_S7_082,target_uncertainty,documented,,,documented,https://pmc.ncbi.nlm.nih.gov/articles/PMC13016693/,2026-07-30,,,
primary_83,VUONG2025_S7_082,threshold_provenance,unresolved,,,unresolved,https://pmc.ncbi.nlm.nih.gov/articles/PMC13016693/,2026-07-30,,,
primary_83,VUONG2025_S7_082,threshold_timing,unresolved,,,unresolved,https://pmc.ncbi.nlm.nih.gov/articles/PMC13016693/,2026-07-30,,,
primary_83,VUONG2025_S7_082,source_access,controlled,,,controlled,https://pmc.ncbi.nlm.nih.gov/articles/PMC13016693/,2026-07-30,,,
primary_83,VUONG2025_S7_082,target_access,controlled,,,controlled,https://pmc.ncbi.nlm.nih.gov/articles/PMC13016693/,2026-07-30,,,
primary_83,VUONG2025_S7_082,reuse_terms,unresolved,,,unresolved,https://pmc.ncbi.nlm.nih.gov/articles/PMC13016693/,2026-07-30,,,
primary_83,VUONG2025_S7_082,code_record,documented,,,documented,https://github.com/pzivich/publications-code,2026-07-30,,,
primary_83,VUONG2025_S7_082,fixed_version,unresolved,,,unresolved,https://pmc.ncbi.nlm.nih.gov/articles/PMC13016693/,2026-07-30,,,
primary_83,VUONG2025_S7_082,execution_path,unresolved,,,unresolved,https://pmc.ncbi.nlm.nih.gov/articles/PMC13016693/,2026-07-30,,,
primary_83,VUONG2025_S7_083,target_definition,partial,,,partial,https://pmc.ncbi.nlm.nih.gov/articles/PMC10166520/,2026-07-30,,,
primary_83,VUONG2025_S7_083,effect_modifier,documented,,,documented,https://pmc.ncbi.nlm.nih.gov/articles/PMC10166520/,2026-07-30,,,
primary_83,VUONG2025_S7_083,harmonization,not_documented,,,not_documented,https://pmc.ncbi.nlm.nih.gov/articles/PMC10166520/,2026-07-30,,,
primary_83,VUONG2025_S7_083,overlap,partial,,,partial,https://pmc.ncbi.nlm.nih.gov/articles/PMC10166520/,2026-07-30,,,
primary_83,VUONG2025_S7_083,target_uncertainty,not_documented,,,not_documented,https://pmc.ncbi.nlm.nih.gov/articles/PMC10166520/,2026-07-30,,,
primary_83,VUONG2025_S7_083,threshold_provenance,partial,,,partial,https://pmc.ncbi.nlm.nih.gov/articles/PMC10166520/,2026-07-30,,,
primary_83,VUONG2025_S7_083,threshold_timing,not_documented,,,not_documented,https://pmc.ncbi.nlm.nih.gov/articles/PMC10166520/,2026-07-30,,,
primary_83,VUONG2025_S7_083,source_access,unclear,,,unclear,https://pmc.ncbi.nlm.nih.gov/articles/PMC10166520/,2026-07-30,,,
primary_83,VUONG2025_S7_083,target_access,unclear,,,unclear,https://pmc.ncbi.nlm.nih.gov/articles/PMC10166520/,2026-07-30,,,
primary_83,VUONG2025_S7_083,reuse_terms,not_documented,,,not_documented,https://pmc.ncbi.nlm.nih.gov/articles/PMC10166520/,2026-07-30,,,
primary_83,VUONG2025_S7_083,code_record,not_documented,,,not_documented,https://pmc.ncbi.nlm.nih.gov/articles/PMC10166520/,2026-07-30,,,
primary_83,VUONG2025_S7_083,fixed_version,not_applicable,,,not_applicable,https://pmc.ncbi.nlm.nih.gov/articles/PMC10166520/,2026-07-30,,,
primary_83,VUONG2025_S7_083,execution_path,not_applicable,,,not_applicable,https://pmc.ncbi.nlm.nih.gov/articles/PMC10166520/,2026-07-30,,,
registered_human_20,VUONG2025_S7_003,target_definition,unresolved,unresolved,unresolved,unresolved,https://pubmed.ncbi.nlm.nih.gov/33620006/,2026-07-30,,,
registered_human_20,VUONG2025_S7_003,effect_modifier,unresolved,unresolved,unresolved,unresolved,https://pubmed.ncbi.nlm.nih.gov/33620006/,2026-07-30,,,
registered_human_20,VUONG2025_S7_003,harmonization,unresolved,unresolved,unresolved,unresolved,https://pubmed.ncbi.nlm.nih.gov/33620006/,2026-07-30,,,
registered_human_20,VUONG2025_S7_003,overlap,unresolved,unresolved,unresolved,unresolved,https://pubmed.ncbi.nlm.nih.gov/33620006/,2026-07-30,,,
registered_human_20,VUONG2025_S7_003,target_uncertainty,unresolved,unresolved,unresolved,unresolved,https://pubmed.ncbi.nlm.nih.gov/33620006/,2026-07-30,,,
registered_human_20,VUONG2025_S7_003,threshold_provenance,unresolved,unresolved,unresolved,unresolved,https://pubmed.ncbi.nlm.nih.gov/33620006/,2026-07-30,,,
registered_human_20,VUONG2025_S7_003,threshold_timing,unresolved,unresolved,unresolved,unresolved,https://pubmed.ncbi.nlm.nih.gov/33620006/,2026-07-30,,,
registered_human_20,VUONG2025_S7_003,source_access,unresolved,unresolved,unresolved,unresolved,https://pubmed.ncbi.nlm.nih.gov/33620006/,2026-07-30,,,
registered_human_20,VUONG2025_S7_003,target_access,unresolved,unresolved,unresolved,unresolved,https://pubmed.ncbi.nlm.nih.gov/33620006/,2026-07-30,,,
registered_human_20,VUONG2025_S7_003,reuse_terms,unresolved,unresolved,unresolved,unresolved,https://pubmed.ncbi.nlm.nih.gov/33620006/,2026-07-30,,,
registered_human_20,VUONG2025_S7_003,code_record,unresolved,unresolved,unresolved,unresolved,https://pubmed.ncbi.nlm.nih.gov/33620006/,2026-07-30,,,
registered_human_20,VUONG2025_S7_003,fixed_version,unresolved,unresolved,unresolved,unresolved,https://pubmed.ncbi.nlm.nih.gov/33620006/,2026-07-30,,,
registered_human_20,VUONG2025_S7_003,execution_path,unresolved,unresolved,unresolved,unresolved,https://pubmed.ncbi.nlm.nih.gov/33620006/,2026-07-30,,,
registered_human_20,VUONG2025_S7_007,target_definition,documented,documented,documented,documented,https://pmc.ncbi.nlm.nih.gov/articles/PMC7985725/,2026-07-30,,,
registered_human_20,VUONG2025_S7_007,effect_modifier,documented,documented,partial,partial,https://pmc.ncbi.nlm.nih.gov/articles/PMC7985725/,2026-08-09,,,
registered_human_20,VUONG2025_S7_007,harmonization,unresolved,not_documented,unresolved,not_documented,https://pmc.ncbi.nlm.nih.gov/articles/PMC7985725/,2026-08-09,,,
registered_human_20,VUONG2025_S7_007,overlap,unresolved,documented,partial,partial,https://pmc.ncbi.nlm.nih.gov/articles/PMC7985725/,2026-08-09,,,
registered_human_20,VUONG2025_S7_007,target_uncertainty,unresolved,partial,unresolved,partial,https://pmc.ncbi.nlm.nih.gov/articles/PMC7985725/,2026-08-09,,,
registered_human_20,VUONG2025_S7_007,threshold_provenance,unresolved,documented,unresolved,partial,https://pmc.ncbi.nlm.nih.gov/articles/PMC7985725/,2026-08-09,,,
registered_human_20,VUONG2025_S7_007,threshold_timing,unresolved,partial,unresolved,partial,https://pmc.ncbi.nlm.nih.gov/articles/PMC7985725/,2026-08-09,,,
registered_human_20,VUONG2025_S7_007,source_access,unresolved,controlled,public,controlled,https://pmc.ncbi.nlm.nih.gov/articles/PMC7985725/,2026-08-09,,,
registered_human_20,VUONG2025_S7_007,target_access,unresolved,unclear,unclear,unclear,https://pmc.ncbi.nlm.nih.gov/articles/PMC7985725/,2026-07-30,,,
registered_human_20,VUONG2025_S7_007,reuse_terms,unresolved,partial,unresolved,partial,https://pmc.ncbi.nlm.nih.gov/articles/PMC7985725/,2026-08-09,,,
registered_human_20,VUONG2025_S7_007,code_record,unresolved,not_documented,partial,partial,https://pmc.ncbi.nlm.nih.gov/articles/PMC7985725/,2026-08-09,,,
registered_human_20,VUONG2025_S7_007,fixed_version,unresolved,not_applicable,not_verified,not_verified,https://pmc.ncbi.nlm.nih.gov/articles/PMC7985725/,2026-08-09,,,
registered_human_20,VUONG2025_S7_007,execution_path,unresolved,not_applicable,not_self_contained,not_self_contained,https://pmc.ncbi.nlm.nih.gov/articles/PMC7985725/,2026-08-09,,,
registered_human_20,VUONG2025_S7_010,target_definition,documented,documented,unresolved,partial,https://pmc.ncbi.nlm.nih.gov/articles/PMC6578590/,2026-08-09,,,
registered_human_20,VUONG2025_S7_010,effect_modifier,documented,documented,partial,partial,https://pmc.ncbi.nlm.nih.gov/articles/PMC6578590/,2026-08-09,,,
registered_human_20,VUONG2025_S7_010,harmonization,unresolved,not_documented,unresolved,not_documented,https://pmc.ncbi.nlm.nih.gov/articles/PMC6578590/,2026-08-09,,,
registered_human_20,VUONG2025_S7_010,overlap,documented,documented,partial,partial,https://pmc.ncbi.nlm.nih.gov/articles/PMC6578590/,2026-08-09,,,
registered_human_20,VUONG2025_S7_010,target_uncertainty,unresolved,partial,unresolved,partial,https://pmc.ncbi.nlm.nih.gov/articles/PMC6578590/,2026-08-09,,,
registered_human_20,VUONG2025_S7_010,threshold_provenance,unresolved,partial,partial,partial,https://pmc.ncbi.nlm.nih.gov/articles/PMC6578590/,2026-07-30,,,
registered_human_20,VUONG2025_S7_010,threshold_timing,unresolved,partial,partial,partial,https://pmc.ncbi.nlm.nih.gov/articles/PMC6578590/,2026-07-30,,,
registered_human_20,VUONG2025_S7_010,source_access,controlled,public,public,controlled,https://biolincc.nhlbi.nih.gov/studies/,2026-08-10,,,
registered_human_20,VUONG2025_S7_010,target_access,controlled,public,controlled,controlled,https://pmc.ncbi.nlm.nih.gov/articles/PMC6578590/,2026-08-09,,,
registered_human_20,VUONG2025_S7_010,reuse_terms,unresolved,partial,partial,partial,https://pmc.ncbi.nlm.nih.gov/articles/PMC6578590/,2026-07-30,,,
registered_human_20,VUONG2025_S7_010,code_record,unresolved,not_documented,documented,partial,https://pmc.ncbi.nlm.nih.gov/articles/PMC6578590/,2026-08-09,,,
registered_human_20,VUONG2025_S7_010,fixed_version,unresolved,not_applicable,not_verified,not_verified,https://pmc.ncbi.nlm.nih.gov/articles/PMC6578590/,2026-08-09,,,
registered_human_20,VUONG2025_S7_010,execution_path,unresolved,not_applicable,not_self_contained,not_self_contained,https://pmc.ncbi.nlm.nih.gov/articles/PMC6578590/,2026-08-09,,,
registered_human_20,VUONG2025_S7_021,target_definition,partial,documented,partial,partial,https://doi.org/10.1097/EDE.0000000000001517,2026-08-09,,,
registered_human_20,VUONG2025_S7_021,effect_modifier,documented,documented,partial,partial,https://doi.org/10.1097/EDE.0000000000001517,2026-08-09,,,
registered_human_20,VUONG2025_S7_021,harmonization,not_documented,not_documented,partial,partial,https://doi.org/10.1097/EDE.0000000000001517,2026-08-09,,,
registered_human_20,VUONG2025_S7_021,overlap,documented,documented,partial,partial,https://doi.org/10.1097/EDE.0000000000001517,2026-08-09,,,
registered_human_20,VUONG2025_S7_021,target_uncertainty,documented,partial,unresolved,partial,https://doi.org/10.1097/EDE.0000000000001517,2026-08-09,,,
registered_human_20,VUONG2025_S7_021,threshold_provenance,partial,documented,partial,partial,https://doi.org/10.1097/EDE.0000000000001517,2026-08-09,,,
registered_human_20,VUONG2025_S7_021,threshold_timing,not_documented,not_documented,partial,partial,https://doi.org/10.1097/EDE.0000000000001517,2026-08-09,,,
registered_human_20,VUONG2025_S7_021,source_access,unclear,unavailable,unclear,unavailable,https://doi.org/10.1097/EDE.0000000000001517,2026-08-09,,,
registered_human_20,VUONG2025_S7_021,target_access,public,unclear,unclear,unclear,https://doi.org/10.1097/EDE.0000000000001517,2026-07-30,,,
registered_human_20,VUONG2025_S7_021,reuse_terms,not_documented,partial,unresolved,partial,https://doi.org/10.1097/EDE.0000000000001517,2026-08-09,,,
registered_human_20,VUONG2025_S7_021,code_record,not_documented,not_documented,unresolved,not_documented,https://doi.org/10.1097/EDE.0000000000001517,2026-08-09,,,
registered_human_20,VUONG2025_S7_021,fixed_version,not_applicable,not_applicable,unresolved,not_applicable,https://doi.org/10.1097/EDE.0000000000001517,2026-08-09,,,
registered_human_20,VUONG2025_S7_021,execution_path,not_applicable,not_applicable,unresolved,not_applicable,https://doi.org/10.1097/EDE.0000000000001517,2026-08-09,,,
registered_human_20,VUONG2025_S7_027,target_definition,documented,documented,documented,documented,https://doi.org/10.1002/sim.8426,2026-07-30,,,
registered_human_20,VUONG2025_S7_027,effect_modifier,documented,documented,unresolved,partial,https://doi.org/10.1002/sim.8426,2026-08-09,,,
registered_human_20,VUONG2025_S7_027,harmonization,partial,not_documented,unresolved,not_documented,https://doi.org/10.1002/sim.8426,2026-08-09,,,
registered_human_20,VUONG2025_S7_027,overlap,partial,documented,partial,partial,https://doi.org/10.1002/sim.8426,2026-08-09,,,
registered_human_20,VUONG2025_S7_027,target_uncertainty,documented,documented,unresolved,partial,https://doi.org/10.1002/sim.8426,2026-08-09,,,
registered_human_20,VUONG2025_S7_027,threshold_provenance,partial,not_documented,partial,partial,https://doi.org/10.1002/sim.8426,2026-08-09,,,
registered_human_20,VUONG2025_S7_027,threshold_timing,not_documented,not_documented,unresolved,unresolved,https://doi.org/10.1002/sim.8426,2026-08-09,,,
registered_human_20,VUONG2025_S7_027,source_access,controlled,controlled,controlled,controlled,https://doi.org/10.1002/sim.8426,2026-07-30,,,
registered_human_20,VUONG2025_S7_027,target_access,controlled,unclear,controlled,controlled,https://doi.org/10.1002/sim.8426,2026-08-09,,,
registered_human_20,VUONG2025_S7_027,reuse_terms,not_documented,partial,unresolved,partial,https://doi.org/10.1002/sim.8426,2026-08-09,,,
registered_human_20,VUONG2025_S7_027,code_record,not_documented,not_documented,partial,partial,https://doi.org/10.1002/sim.8426,2026-08-09,,,
registered_human_20,VUONG2025_S7_027,fixed_version,not_applicable,not_applicable,not_verified,not_verified,https://doi.org/10.1002/sim.8426,2026-08-09,,,
registered_human_20,VUONG2025_S7_027,execution_path,not_applicable,not_applicable,not_self_contained,not_self_contained,https://doi.org/10.1002/sim.8426,2026-08-09,,,
registered_human_20,VUONG2025_S7_037,target_definition,documented,documented,documented,documented,https://pmc.ncbi.nlm.nih.gov/articles/PMC8643314/,2026-07-30,,,
registered_human_20,VUONG2025_S7_037,effect_modifier,partial,documented,partial,partial,https://pmc.ncbi.nlm.nih.gov/articles/PMC8643314/,2026-08-09,,,
registered_human_20,VUONG2025_S7_037,harmonization,not_applicable,not_documented,unresolved,not_documented,https://pmc.ncbi.nlm.nih.gov/articles/PMC8643314/,2026-08-09,,,
registered_human_20,VUONG2025_S7_037,overlap,partial,documented,partial,partial,https://pmc.ncbi.nlm.nih.gov/articles/PMC8643314/,2026-08-09,,,
registered_human_20,VUONG2025_S7_037,target_uncertainty,documented,partial,partial,partial,https://pmc.ncbi.nlm.nih.gov/articles/PMC8643314/,2026-07-30,,,
registered_human_20,VUONG2025_S7_037,threshold_provenance,partial,documented,partial,partial,https://pmc.ncbi.nlm.nih.gov/articles/PMC8643314/,2026-08-09,,,
registered_human_20,VUONG2025_S7_037,threshold_timing,not_documented,partial,partial,partial,https://pmc.ncbi.nlm.nih.gov/articles/PMC8643314/,2026-07-30,,,
registered_human_20,VUONG2025_S7_037,source_access,controlled,controlled,unresolved,controlled,https://pmc.ncbi.nlm.nih.gov/articles/PMC8643314/,2026-08-09,,,
registered_human_20,VUONG2025_S7_037,target_access,controlled,unclear,unresolved,unclear,https://pmc.ncbi.nlm.nih.gov/articles/PMC8643314/,2026-08-09,,,
registered_human_20,VUONG2025_S7_037,reuse_terms,not_documented,partial,unresolved,partial,https://pmc.ncbi.nlm.nih.gov/articles/PMC8643314/,2026-08-09,,,
registered_human_20,VUONG2025_S7_037,code_record,not_documented,not_documented,partial,partial,https://pmc.ncbi.nlm.nih.gov/articles/PMC8643314/,2026-08-09,,,
registered_human_20,VUONG2025_S7_037,fixed_version,not_applicable,not_applicable,not_verified,not_verified,https://pmc.ncbi.nlm.nih.gov/articles/PMC8643314/,2026-08-09,,,
registered_human_20,VUONG2025_S7_037,execution_path,not_applicable,not_applicable,not_self_contained,not_self_contained,https://pmc.ncbi.nlm.nih.gov/articles/PMC8643314/,2026-08-09,,,
registered_human_20,VUONG2025_S7_042,target_definition,documented,documented,documented,documented,https://pmc.ncbi.nlm.nih.gov/articles/PMC10201931/,2026-07-30,,,
registered_human_20,VUONG2025_S7_042,effect_modifier,documented,documented,partial,partial,https://pmc.ncbi.nlm.nih.gov/articles/PMC10201931/,2026-08-09,,,
registered_human_20,VUONG2025_S7_042,harmonization,unresolved,not_documented,unresolved,not_documented,https://pmc.ncbi.nlm.nih.gov/articles/PMC10201931/,2026-08-09,,,
registered_human_20,VUONG2025_S7_042,overlap,documented,documented,partial,partial,https://pmc.ncbi.nlm.nih.gov/articles/PMC10201931/,2026-08-09,,,
registered_human_20,VUONG2025_S7_042,target_uncertainty,documented,partial,unresolved,partial,https://pmc.ncbi.nlm.nih.gov/articles/PMC10201931/,2026-08-09,,,
registered_human_20,VUONG2025_S7_042,threshold_provenance,unresolved,not_documented,partial,partial,https://pmc.ncbi.nlm.nih.gov/articles/PMC10201931/,2026-08-09,,,
registered_human_20,VUONG2025_S7_042,threshold_timing,unresolved,partial,unresolved,partial,https://pmc.ncbi.nlm.nih.gov/articles/PMC10201931/,2026-08-09,,,
registered_human_20,VUONG2025_S7_042,source_access,controlled,public,public,controlled,https://biolincc.nhlbi.nih.gov/studies/bari2d/,2026-08-10,,,
registered_human_20,VUONG2025_S7_042,target_access,controlled,controlled,unclear,controlled,https://pmc.ncbi.nlm.nih.gov/articles/PMC10201931/,2026-08-09,,,
registered_human_20,VUONG2025_S7_042,reuse_terms,unresolved,partial,partial,partial,https://pmc.ncbi.nlm.nih.gov/articles/PMC10201931/,2026-07-30,,,
registered_human_20,VUONG2025_S7_042,code_record,unresolved,not_documented,documented,partial,https://pmc.ncbi.nlm.nih.gov/articles/PMC10201931/,2026-08-09,,,
registered_human_20,VUONG2025_S7_042,fixed_version,unresolved,not_applicable,not_verified,not_verified,https://github.com/kevjosey/cbal/,2026-08-09,,,
registered_human_20,VUONG2025_S7_042,execution_path,unresolved,not_applicable,not_self_contained,not_self_contained,https://github.com/kevjosey/cbal/,2026-08-09,,,
registered_human_20,VUONG2025_S7_051,target_definition,documented,documented,documented,documented,https://pmc.ncbi.nlm.nih.gov/articles/PMC9754161/,2026-07-30,,,
registered_human_20,VUONG2025_S7_051,effect_modifier,documented,documented,partial,partial,https://pmc.ncbi.nlm.nih.gov/articles/PMC9754161/,2026-08-09,,,
registered_human_20,VUONG2025_S7_051,harmonization,documented,not_documented,unresolved,not_documented,https://pmc.ncbi.nlm.nih.gov/articles/PMC9754161/,2026-08-09,,,
registered_human_20,VUONG2025_S7_051,overlap,documented,documented,partial,partial,https://pmc.ncbi.nlm.nih.gov/articles/PMC9754161/,2026-08-09,,,
registered_human_20,VUONG2025_S7_051,target_uncertainty,documented,documented,unresolved,partial,https://pmc.ncbi.nlm.nih.gov/articles/PMC9754161/,2026-08-09,,,
registered_human_20,VUONG2025_S7_051,threshold_provenance,partial,not_documented,partial,partial,https://pmc.ncbi.nlm.nih.gov/articles/PMC9754161/,2026-08-09,,,
registered_human_20,VUONG2025_S7_051,threshold_timing,not_documented,not_documented,partial,partial,https://pmc.ncbi.nlm.nih.gov/articles/PMC9754161/,2026-08-09,,,
registered_human_20,VUONG2025_S7_051,source_access,controlled,controlled,unresolved,controlled,https://pmc.ncbi.nlm.nih.gov/articles/PMC9754161/,2026-08-09,,,
registered_human_20,VUONG2025_S7_051,target_access,controlled,unclear,unclear,unclear,https://pmc.ncbi.nlm.nih.gov/articles/PMC9754161/,2026-07-30,,,
registered_human_20,VUONG2025_S7_051,reuse_terms,documented,partial,unresolved,partial,https://pmc.ncbi.nlm.nih.gov/articles/PMC9754161/,2026-08-09,,,
registered_human_20,VUONG2025_S7_051,code_record,documented,documented,unresolved,partial,https://pmc.ncbi.nlm.nih.gov/articles/PMC9754161/,2026-08-09,,,
registered_human_20,VUONG2025_S7_051,fixed_version,not_verified,not_verified,unresolved,unresolved,https://github.com/yling2019/SERD_transportability,2026-08-09,,,
registered_human_20,VUONG2025_S7_051,execution_path,not_self_contained,not_self_contained,unresolved,unresolved,https://github.com/yling2019/SERD_transportability,2026-08-09,,,
registered_human_20,VUONG2025_S7_059,target_definition,partial,partial,documented,partial,https://pmc.ncbi.nlm.nih.gov/articles/PMC8385597/,2026-08-09,,,
registered_human_20,VUONG2025_S7_059,effect_modifier,partial,not_documented,partial,partial,https://pmc.ncbi.nlm.nih.gov/articles/PMC8385597/,2026-08-09,,,
registered_human_20,VUONG2025_S7_059,harmonization,not_applicable,not_documented,unresolved,not_documented,https://pmc.ncbi.nlm.nih.gov/articles/PMC8385597/,2026-08-09,,,
registered_human_20,VUONG2025_S7_059,overlap,not_documented,not_documented,partial,partial,https://pmc.ncbi.nlm.nih.gov/articles/PMC8385597/,2026-08-09,,,
registered_human_20,VUONG2025_S7_059,target_uncertainty,partial,partial,unresolved,partial,https://pmc.ncbi.nlm.nih.gov/articles/PMC8385597/,2026-08-09,,,
registered_human_20,VUONG2025_S7_059,threshold_provenance,partial,not_documented,unresolved,not_documented,https://pmc.ncbi.nlm.nih.gov/articles/PMC8385597/,2026-08-09,,,
registered_human_20,VUONG2025_S7_059,threshold_timing,not_documented,partial,unresolved,partial,https://pmc.ncbi.nlm.nih.gov/articles/PMC8385597/,2026-08-09,,,
registered_human_20,VUONG2025_S7_059,source_access,controlled,controlled,unclear,controlled,https://pmc.ncbi.nlm.nih.gov/articles/PMC8385597/,2026-08-09,,,
registered_human_20,VUONG2025_S7_059,target_access,not_applicable,unclear,unclear,unclear,https://pmc.ncbi.nlm.nih.gov/articles/PMC8385597/,2026-07-30,,,
registered_human_20,VUONG2025_S7_059,reuse_terms,not_documented,partial,unresolved,partial,https://pmc.ncbi.nlm.nih.gov/articles/PMC8385597/,2026-08-09,,,
registered_human_20,VUONG2025_S7_059,code_record,not_documented,not_documented,partial,partial,https://pmc.ncbi.nlm.nih.gov/articles/PMC8385597/,2026-08-09,,,
registered_human_20,VUONG2025_S7_059,fixed_version,not_applicable,not_applicable,not_verified,not_verified,https://pmc.ncbi.nlm.nih.gov/articles/PMC8385597/,2026-08-09,,,
registered_human_20,VUONG2025_S7_059,execution_path,not_applicable,not_applicable,not_self_contained,not_self_contained,https://pmc.ncbi.nlm.nih.gov/articles/PMC8385597/,2026-08-09,,,
registered_human_20,VUONG2025_S7_077,target_definition,unresolved,unresolved,unresolved,unresolved,https://pubmed.ncbi.nlm.nih.gov/34247409/,2026-07-30,,,
registered_human_20,VUONG2025_S7_077,effect_modifier,unresolved,unresolved,unresolved,unresolved,https://pubmed.ncbi.nlm.nih.gov/34247409/,2026-07-30,,,
registered_human_20,VUONG2025_S7_077,harmonization,unresolved,unresolved,unresolved,unresolved,https://pubmed.ncbi.nlm.nih.gov/34247409/,2026-07-30,,,
registered_human_20,VUONG2025_S7_077,overlap,unresolved,unresolved,unresolved,unresolved,https://pubmed.ncbi.nlm.nih.gov/34247409/,2026-07-30,,,
registered_human_20,VUONG2025_S7_077,target_uncertainty,unresolved,unresolved,unresolved,unresolved,https://pubmed.ncbi.nlm.nih.gov/34247409/,2026-07-30,,,
registered_human_20,VUONG2025_S7_077,threshold_provenance,unresolved,unresolved,unresolved,unresolved,https://pubmed.ncbi.nlm.nih.gov/34247409/,2026-07-30,,,
registered_human_20,VUONG2025_S7_077,threshold_timing,unresolved,unresolved,unresolved,unresolved,https://pubmed.ncbi.nlm.nih.gov/34247409/,2026-07-30,,,
registered_human_20,VUONG2025_S7_077,source_access,unresolved,unresolved,unresolved,unresolved,https://pubmed.ncbi.nlm.nih.gov/34247409/,2026-07-30,,,
registered_human_20,VUONG2025_S7_077,target_access,unresolved,unresolved,unresolved,unresolved,https://pubmed.ncbi.nlm.nih.gov/34247409/,2026-07-30,,,
registered_human_20,VUONG2025_S7_077,reuse_terms,unresolved,unresolved,unresolved,unresolved,https://pubmed.ncbi.nlm.nih.gov/34247409/,2026-07-30,,,
registered_human_20,VUONG2025_S7_077,code_record,unresolved,unresolved,unresolved,unresolved,https://pubmed.ncbi.nlm.nih.gov/34247409/,2026-07-30,,,
registered_human_20,VUONG2025_S7_077,fixed_version,unresolved,unresolved,unresolved,unresolved,https://pubmed.ncbi.nlm.nih.gov/34247409/,2026-07-30,,,
registered_human_20,VUONG2025_S7_077,execution_path,unresolved,unresolved,unresolved,unresolved,https://pubmed.ncbi.nlm.nih.gov/34247409/,2026-07-30,,,
registered_human_20,VUONG2025_S7_006,target_definition,documented,documented,documented,documented,https://pmc.ncbi.nlm.nih.gov/articles/PMC10394194/,2026-07-30,,,
registered_human_20,VUONG2025_S7_006,effect_modifier,unresolved,documented,partial,partial,https://pmc.ncbi.nlm.nih.gov/articles/PMC10394194/,2026-08-09,,,
registered_human_20,VUONG2025_S7_006,harmonization,unresolved,not_documented,unresolved,not_documented,https://pmc.ncbi.nlm.nih.gov/articles/PMC10394194/,2026-08-09,,,
registered_human_20,VUONG2025_S7_006,overlap,documented,documented,partial,partial,https://pmc.ncbi.nlm.nih.gov/articles/PMC10394194/,2026-08-09,,,
registered_human_20,VUONG2025_S7_006,target_uncertainty,documented,partial,partial,partial,https://pmc.ncbi.nlm.nih.gov/articles/PMC10394194/,2026-07-30,,,
registered_human_20,VUONG2025_S7_006,threshold_provenance,unresolved,documented,unresolved,partial,https://pmc.ncbi.nlm.nih.gov/articles/PMC10394194/,2026-08-09,,,
registered_human_20,VUONG2025_S7_006,threshold_timing,unresolved,partial,unresolved,partial,https://pmc.ncbi.nlm.nih.gov/articles/PMC10394194/,2026-08-09,,,
registered_human_20,VUONG2025_S7_006,source_access,controlled,controlled,public,controlled,https://pmc.ncbi.nlm.nih.gov/articles/PMC10394194/,2026-08-09,,,
registered_human_20,VUONG2025_S7_006,target_access,controlled,controlled,unclear,controlled,https://pmc.ncbi.nlm.nih.gov/articles/PMC10394194/,2026-08-09,,,
registered_human_20,VUONG2025_S7_006,reuse_terms,unresolved,partial,partial,partial,https://pmc.ncbi.nlm.nih.gov/articles/PMC10394194/,2026-07-30,,,
registered_human_20,VUONG2025_S7_006,code_record,unresolved,documented,documented,documented,https://pmc.ncbi.nlm.nih.gov/articles/PMC10394194/,2026-07-30,,,
registered_human_20,VUONG2025_S7_006,fixed_version,unresolved,not_applicable,not_verified,not_verified,https://pmc.ncbi.nlm.nih.gov/articles/PMC10394194/,2026-08-09,,,
registered_human_20,VUONG2025_S7_006,execution_path,unresolved,not_applicable,not_self_contained,not_self_contained,https://pmc.ncbi.nlm.nih.gov/articles/PMC10394194/,2026-08-09,,,
registered_human_20,VUONG2025_S7_014,target_definition,documented,documented,documented,documented,https://pmc.ncbi.nlm.nih.gov/articles/PMC13005602/,2026-07-30,,,
registered_human_20,VUONG2025_S7_014,effect_modifier,documented,documented,partial,partial,https://pmc.ncbi.nlm.nih.gov/articles/PMC13005602/,2026-08-09,,,
registered_human_20,VUONG2025_S7_014,harmonization,partial,not_documented,unresolved,not_documented,https://pmc.ncbi.nlm.nih.gov/articles/PMC13005602/,2026-08-09,,,
registered_human_20,VUONG2025_S7_014,overlap,documented,documented,partial,partial,https://pmc.ncbi.nlm.nih.gov/articles/PMC13005602/,2026-08-09,,,
registered_human_20,VUONG2025_S7_014,target_uncertainty,documented,documented,partial,partial,https://pmc.ncbi.nlm.nih.gov/articles/PMC13005602/,2026-08-09,,,
registered_human_20,VUONG2025_S7_014,threshold_provenance,partial,documented,partial,partial,https://pmc.ncbi.nlm.nih.gov/articles/PMC13005602/,2026-08-09,,,
registered_human_20,VUONG2025_S7_014,threshold_timing,not_documented,partial,partial,partial,https://pmc.ncbi.nlm.nih.gov/articles/PMC13005602/,2026-07-30,,,
registered_human_20,VUONG2025_S7_014,source_access,controlled,controlled,public,controlled,https://pmc.ncbi.nlm.nih.gov/articles/PMC13005602/,2026-08-09,,,
registered_human_20,VUONG2025_S7_014,target_access,public,public,public,public,https://pmc.ncbi.nlm.nih.gov/articles/PMC13005602/,2026-07-30,,,
registered_human_20,VUONG2025_S7_014,reuse_terms,not_documented,partial,partial,partial,https://pmc.ncbi.nlm.nih.gov/articles/PMC13005602/,2026-07-30,,,
registered_human_20,VUONG2025_S7_014,code_record,documented,documented,unresolved,partial,https://pmc.ncbi.nlm.nih.gov/articles/PMC13005602/,2026-08-09,,,
registered_human_20,VUONG2025_S7_014,fixed_version,not_verified,not_verified,unresolved,unresolved,https://github.com/Zhiqiangcao/RCode_transportability,2026-08-09,,,
registered_human_20,VUONG2025_S7_014,execution_path,not_self_contained,not_self_contained,unresolved,unresolved,https://github.com/Zhiqiangcao/RCode_transportability,2026-08-09,,,
registered_human_20,VUONG2025_S7_025,target_definition,documented,documented,documented,documented,https://pmc.ncbi.nlm.nih.gov/articles/PMC9930351/,2026-07-30,,,
registered_human_20,VUONG2025_S7_025,effect_modifier,documented,documented,partial,partial,https://pmc.ncbi.nlm.nih.gov/articles/PMC9930351/,2026-08-09,,,
registered_human_20,VUONG2025_S7_025,harmonization,documented,documented,unresolved,partial,https://pmc.ncbi.nlm.nih.gov/articles/PMC9930351/,2026-08-09,,,
registered_human_20,VUONG2025_S7_025,overlap,documented,documented,partial,partial,https://pmc.ncbi.nlm.nih.gov/articles/PMC9930351/,2026-08-09,,,
registered_human_20,VUONG2025_S7_025,target_uncertainty,partial,documented,unresolved,partial,https://pmc.ncbi.nlm.nih.gov/articles/PMC9930351/,2026-08-09,,,
registered_human_20,VUONG2025_S7_025,threshold_provenance,partial,documented,unresolved,partial,https://pmc.ncbi.nlm.nih.gov/articles/PMC9930351/,2026-08-09,,,
registered_human_20,VUONG2025_S7_025,threshold_timing,not_documented,partial,unresolved,partial,https://pmc.ncbi.nlm.nih.gov/articles/PMC9930351/,2026-08-09,,,
registered_human_20,VUONG2025_S7_025,source_access,controlled,public,public,controlled,https://datashare.nida.nih.gov/,2026-08-10,,,
registered_human_20,VUONG2025_S7_025,target_access,controlled,public,controlled,controlled,https://www.datafiles.samhsa.gov/,2026-08-09,,,
registered_human_20,VUONG2025_S7_025,reuse_terms,not_documented,documented,unresolved,partial,https://pmc.ncbi.nlm.nih.gov/articles/PMC9930351/,2026-08-09,,,
registered_human_20,VUONG2025_S7_025,code_record,not_documented,not_documented,partial,partial,https://pmc.ncbi.nlm.nih.gov/articles/PMC9930351/,2026-08-09,,,
registered_human_20,VUONG2025_S7_025,fixed_version,not_applicable,not_applicable,not_verified,not_verified,https://pmc.ncbi.nlm.nih.gov/articles/PMC9930351/,2026-08-09,,,
registered_human_20,VUONG2025_S7_025,execution_path,not_applicable,not_applicable,not_self_contained,not_self_contained,https://pmc.ncbi.nlm.nih.gov/articles/PMC9930351/,2026-08-09,,,
registered_human_20,VUONG2025_S7_032,target_definition,documented,documented,partial,partial,https://pmc.ncbi.nlm.nih.gov/articles/PMC13189650/,2026-08-09,,,
registered_human_20,VUONG2025_S7_032,effect_modifier,documented,documented,partial,partial,https://pmc.ncbi.nlm.nih.gov/articles/PMC13189650/,2026-08-09,,,
registered_human_20,VUONG2025_S7_032,harmonization,unresolved,not_documented,unresolved,not_documented,https://pmc.ncbi.nlm.nih.gov/articles/PMC13189650/,2026-08-09,,,
registered_human_20,VUONG2025_S7_032,overlap,unresolved,documented,partial,partial,https://pmc.ncbi.nlm.nih.gov/articles/PMC13189650/,2026-08-09,,,
registered_human_20,VUONG2025_S7_032,target_uncertainty,documented,documented,partial,partial,https://pmc.ncbi.nlm.nih.gov/articles/PMC13189650/,2026-08-09,,,
registered_human_20,VUONG2025_S7_032,threshold_provenance,unresolved,documented,partial,partial,https://pmc.ncbi.nlm.nih.gov/articles/PMC13189650/,2026-08-09,,,
registered_human_20,VUONG2025_S7_032,threshold_timing,unresolved,not_documented,partial,partial,https://pmc.ncbi.nlm.nih.gov/articles/PMC13189650/,2026-08-09,,,
registered_human_20,VUONG2025_S7_032,source_access,controlled,unavailable,public,unavailable,https://pmc.ncbi.nlm.nih.gov/articles/PMC13189650/,2026-08-09,,,
registered_human_20,VUONG2025_S7_032,target_access,controlled,controlled,unclear,controlled,https://pmc.ncbi.nlm.nih.gov/articles/PMC13189650/,2026-08-09,,,
registered_human_20,VUONG2025_S7_032,reuse_terms,unresolved,partial,partial,partial,https://pmc.ncbi.nlm.nih.gov/articles/PMC13189650/,2026-07-30,,,
registered_human_20,VUONG2025_S7_032,code_record,unresolved,documented,documented,documented,https://pmc.ncbi.nlm.nih.gov/articles/PMC13189650/,2026-07-30,,,
registered_human_20,VUONG2025_S7_032,fixed_version,unresolved,not_verified,not_verified,not_verified,https://github.com/idegtiar1/CCDS,2026-07-30,,,
registered_human_20,VUONG2025_S7_032,execution_path,unresolved,not_self_contained,not_self_contained,not_self_contained,https://github.com/idegtiar1/CCDS,2026-07-30,,,
registered_human_20,VUONG2025_S7_034,target_definition,documented,documented,documented,documented,https://pmc.ncbi.nlm.nih.gov/articles/PMC11423796/,2026-07-30,,,
registered_human_20,VUONG2025_S7_034,effect_modifier,documented,documented,partial,partial,https://pmc.ncbi.nlm.nih.gov/articles/PMC11423796/,2026-08-09,,,
registered_human_20,VUONG2025_S7_034,harmonization,documented,documented,partial,partial,https://pmc.ncbi.nlm.nih.gov/articles/PMC11423796/,2026-08-09,,,
registered_human_20,VUONG2025_S7_034,overlap,documented,documented,partial,partial,https://pmc.ncbi.nlm.nih.gov/articles/PMC11423796/,2026-08-09,,,
registered_human_20,VUONG2025_S7_034,target_uncertainty,documented,documented,partial,partial,https://pmc.ncbi.nlm.nih.gov/articles/PMC11423796/,2026-08-09,,,
registered_human_20,VUONG2025_S7_034,threshold_provenance,documented,documented,partial,partial,https://pmc.ncbi.nlm.nih.gov/articles/PMC11423796/,2026-08-09,,,
registered_human_20,VUONG2025_S7_034,threshold_timing,not_documented,not_documented,unresolved,unresolved,https://pmc.ncbi.nlm.nih.gov/articles/PMC11423796/,2026-08-09,,,
registered_human_20,VUONG2025_S7_034,source_access,controlled,controlled,public,controlled,https://actagingresearch.org,2026-08-09,,,
registered_human_20,VUONG2025_S7_034,target_access,controlled,controlled,unclear,controlled,https://actagingresearch.org,2026-08-09,,,
registered_human_20,VUONG2025_S7_034,reuse_terms,documented,documented,partial,partial,https://github.com/gibbonsl/ACT_transport,2026-08-09,,,
registered_human_20,VUONG2025_S7_034,code_record,documented,documented,documented,documented,https://github.com/gibbonsl/ACT_transport,2026-07-30,,,
registered_human_20,VUONG2025_S7_034,fixed_version,not_verified,not_verified,not_verified,not_verified,https://github.com/gibbonsl/ACT_transport,2026-07-30,,,
registered_human_20,VUONG2025_S7_034,execution_path,not_self_contained,not_self_contained,not_self_contained,not_self_contained,https://github.com/gibbonsl/ACT_transport,2026-07-30,,,
registered_human_20,VUONG2025_S7_036,target_definition,documented,unresolved,unresolved,unresolved,https://ars.els-cdn.com/content/image/1-s2.0-S1047279725000420-mmc1.docx,2026-07-30,,,
registered_human_20,VUONG2025_S7_036,effect_modifier,partial,unresolved,unresolved,unresolved,https://ars.els-cdn.com/content/image/1-s2.0-S1047279725000420-mmc1.docx,2026-07-30,,,
registered_human_20,VUONG2025_S7_036,harmonization,partial,unresolved,unresolved,unresolved,https://ars.els-cdn.com/content/image/1-s2.0-S1047279725000420-mmc1.docx,2026-07-30,,,
registered_human_20,VUONG2025_S7_036,overlap,partial,unresolved,unresolved,unresolved,https://ars.els-cdn.com/content/image/1-s2.0-S1047279725000420-mmc1.docx,2026-07-30,,,
registered_human_20,VUONG2025_S7_036,target_uncertainty,partial,unresolved,unresolved,unresolved,https://ars.els-cdn.com/content/image/1-s2.0-S1047279725000420-mmc1.docx,2026-07-30,,,
registered_human_20,VUONG2025_S7_036,threshold_provenance,partial,unresolved,unresolved,unresolved,https://ars.els-cdn.com/content/image/1-s2.0-S1047279725000420-mmc1.docx,2026-07-30,,,
registered_human_20,VUONG2025_S7_036,threshold_timing,not_documented,unresolved,unresolved,unresolved,https://ars.els-cdn.com/content/image/1-s2.0-S1047279725000420-mmc1.docx,2026-07-30,,,
registered_human_20,VUONG2025_S7_036,source_access,controlled,unresolved,unresolved,unresolved,https://ars.els-cdn.com/content/image/1-s2.0-S1047279725000420-mmc1.docx,2026-07-30,,,
registered_human_20,VUONG2025_S7_036,target_access,public,unresolved,unresolved,unresolved,https://ars.els-cdn.com/content/image/1-s2.0-S1047279725000420-mmc1.docx,2026-07-30,,,
registered_human_20,VUONG2025_S7_036,reuse_terms,not_documented,unresolved,unresolved,unresolved,https://ars.els-cdn.com/content/image/1-s2.0-S1047279725000420-mmc1.docx,2026-07-30,,,
registered_human_20,VUONG2025_S7_036,code_record,partial,unresolved,unresolved,unresolved,https://ars.els-cdn.com/content/image/1-s2.0-S1047279725000420-mmc1.docx,2026-07-30,,,
registered_human_20,VUONG2025_S7_036,fixed_version,not_verified,unresolved,unresolved,unresolved,https://ars.els-cdn.com/content/image/1-s2.0-S1047279725000420-mmc1.docx,2026-07-30,,,
registered_human_20,VUONG2025_S7_036,execution_path,not_self_contained,unresolved,unresolved,unresolved,https://ars.els-cdn.com/content/image/1-s2.0-S1047279725000420-mmc1.docx,2026-07-30,,,
registered_human_20,VUONG2025_S7_043,target_definition,documented,not_documented,unresolved,unresolved,https://pmc.ncbi.nlm.nih.gov/articles/PMC11485071/,2026-08-09,,,
registered_human_20,VUONG2025_S7_043,effect_modifier,documented,documented,partial,partial,https://pmc.ncbi.nlm.nih.gov/articles/PMC11485071/,2026-08-09,,,
registered_human_20,VUONG2025_S7_043,harmonization,partial,partial,partial,partial,https://pmc.ncbi.nlm.nih.gov/articles/PMC11485071/,2026-07-30,,,
registered_human_20,VUONG2025_S7_043,overlap,partial,documented,partial,partial,https://pmc.ncbi.nlm.nih.gov/articles/PMC11485071/,2026-08-09,,,
registered_human_20,VUONG2025_S7_043,target_uncertainty,partial,not_documented,unresolved,not_documented,https://pmc.ncbi.nlm.nih.gov/articles/PMC11485071/,2026-08-09,,,
registered_human_20,VUONG2025_S7_043,threshold_provenance,partial,documented,unresolved,partial,https://pmc.ncbi.nlm.nih.gov/articles/PMC11485071/,2026-08-09,,,
registered_human_20,VUONG2025_S7_043,threshold_timing,not_documented,partial,unresolved,partial,https://pmc.ncbi.nlm.nih.gov/articles/PMC11485071/,2026-08-09,,,
registered_human_20,VUONG2025_S7_043,source_access,controlled,controlled,public,controlled,https://pmc.ncbi.nlm.nih.gov/articles/PMC11485071/,2026-08-09,,,
registered_human_20,VUONG2025_S7_043,target_access,public,unclear,unclear,unclear,https://pmc.ncbi.nlm.nih.gov/articles/PMC11485071/,2026-07-30,,,
registered_human_20,VUONG2025_S7_043,reuse_terms,unresolved,partial,unresolved,partial,https://pmc.ncbi.nlm.nih.gov/articles/PMC11485071/,2026-08-09,,,
registered_human_20,VUONG2025_S7_043,code_record,unresolved,not_documented,partial,partial,https://pmc.ncbi.nlm.nih.gov/articles/PMC11485071/,2026-08-09,,,
registered_human_20,VUONG2025_S7_043,fixed_version,unresolved,not_applicable,not_verified,not_verified,https://pmc.ncbi.nlm.nih.gov/articles/PMC11485071/,2026-08-09,,,
registered_human_20,VUONG2025_S7_043,execution_path,unresolved,not_applicable,not_self_contained,not_self_contained,https://pmc.ncbi.nlm.nih.gov/articles/PMC11485071/,2026-08-09,,,
registered_human_20,VUONG2025_S7_073,target_definition,documented,documented,partial,partial,https://pmc.ncbi.nlm.nih.gov/articles/PMC11017122/,2026-08-09,,,
registered_human_20,VUONG2025_S7_073,effect_modifier,documented,documented,partial,partial,https://pmc.ncbi.nlm.nih.gov/articles/PMC11017122/,2026-08-09,,,
registered_human_20,VUONG2025_S7_073,harmonization,unresolved,not_documented,unresolved,unresolved,https://pmc.ncbi.nlm.nih.gov/articles/PMC11017122/,2026-08-09,,,
registered_human_20,VUONG2025_S7_073,overlap,unresolved,documented,partial,partial,https://pmc.ncbi.nlm.nih.gov/articles/PMC11017122/,2026-08-09,,,
registered_human_20,VUONG2025_S7_073,target_uncertainty,documented,documented,partial,partial,https://pmc.ncbi.nlm.nih.gov/articles/PMC11017122/,2026-08-09,,,
registered_human_20,VUONG2025_S7_073,threshold_provenance,unresolved,partial,unresolved,partial,https://pmc.ncbi.nlm.nih.gov/articles/PMC11017122/,2026-08-09,,,
registered_human_20,VUONG2025_S7_073,threshold_timing,unresolved,not_documented,unresolved,unresolved,https://pmc.ncbi.nlm.nih.gov/articles/PMC11017122/,2026-08-09,,,
registered_human_20,VUONG2025_S7_073,source_access,controlled,unavailable,public,unavailable,https://pmc.ncbi.nlm.nih.gov/articles/PMC11017122/,2026-08-09,,,
registered_human_20,VUONG2025_S7_073,target_access,public,public,public,public,https://pmc.ncbi.nlm.nih.gov/articles/PMC11017122/,2026-07-30,,,
registered_human_20,VUONG2025_S7_073,reuse_terms,unresolved,partial,partial,partial,https://pmc.ncbi.nlm.nih.gov/articles/PMC11017122/,2026-07-30,,,
registered_human_20,VUONG2025_S7_073,code_record,unresolved,documented,documented,documented,https://pmc.ncbi.nlm.nih.gov/articles/PMC11017122/,2026-07-30,,,
registered_human_20,VUONG2025_S7_073,fixed_version,unresolved,not_applicable,not_verified,not_verified,https://pmc.ncbi.nlm.nih.gov/articles/PMC11017122/,2026-08-09,,,
registered_human_20,VUONG2025_S7_073,execution_path,unresolved,not_applicable,not_self_contained,not_self_contained,https://pmc.ncbi.nlm.nih.gov/articles/PMC11017122/,2026-08-09,,,
registered_human_20,VUONG2025_S7_080,target_definition,unresolved,unresolved,unresolved,unresolved,https://pubmed.ncbi.nlm.nih.gov/37659583/,2026-07-30,,,
registered_human_20,VUONG2025_S7_080,effect_modifier,unresolved,unresolved,unresolved,unresolved,https://pubmed.ncbi.nlm.nih.gov/37659583/,2026-07-30,,,
registered_human_20,VUONG2025_S7_080,harmonization,unresolved,unresolved,unresolved,unresolved,https://pubmed.ncbi.nlm.nih.gov/37659583/,2026-07-30,,,
registered_human_20,VUONG2025_S7_080,overlap,unresolved,unresolved,unresolved,unresolved,https://pubmed.ncbi.nlm.nih.gov/37659583/,2026-07-30,,,
registered_human_20,VUONG2025_S7_080,target_uncertainty,unresolved,unresolved,unresolved,unresolved,https://pubmed.ncbi.nlm.nih.gov/37659583/,2026-07-30,,,
registered_human_20,VUONG2025_S7_080,threshold_provenance,unresolved,unresolved,unresolved,unresolved,https://pubmed.ncbi.nlm.nih.gov/37659583/,2026-07-30,,,
registered_human_20,VUONG2025_S7_080,threshold_timing,unresolved,unresolved,unresolved,unresolved,https://pubmed.ncbi.nlm.nih.gov/37659583/,2026-07-30,,,
registered_human_20,VUONG2025_S7_080,source_access,unresolved,unresolved,unresolved,unresolved,https://pubmed.ncbi.nlm.nih.gov/37659583/,2026-07-30,,,
registered_human_20,VUONG2025_S7_080,target_access,unresolved,unresolved,unresolved,unresolved,https://pubmed.ncbi.nlm.nih.gov/37659583/,2026-07-30,,,
registered_human_20,VUONG2025_S7_080,reuse_terms,unresolved,unresolved,unresolved,unresolved,https://pubmed.ncbi.nlm.nih.gov/37659583/,2026-07-30,,,
registered_human_20,VUONG2025_S7_080,code_record,unresolved,unresolved,unresolved,unresolved,https://pubmed.ncbi.nlm.nih.gov/37659583/,2026-07-30,,,
registered_human_20,VUONG2025_S7_080,fixed_version,unresolved,unresolved,unresolved,unresolved,https://pubmed.ncbi.nlm.nih.gov/37659583/,2026-07-30,,,
registered_human_20,VUONG2025_S7_080,execution_path,unresolved,unresolved,unresolved,unresolved,https://pubmed.ncbi.nlm.nih.gov/37659583/,2026-07-30,,,
registered_human_20,VUONG2025_S7_083,target_definition,partial,documented,documented,documented,https://pmc.ncbi.nlm.nih.gov/articles/PMC10166520/,2026-07-30,,,
registered_human_20,VUONG2025_S7_083,effect_modifier,documented,documented,partial,partial,https://pmc.ncbi.nlm.nih.gov/articles/PMC10166520/,2026-08-09,,,
registered_human_20,VUONG2025_S7_083,harmonization,not_documented,not_documented,unresolved,not_documented,https://pmc.ncbi.nlm.nih.gov/articles/PMC10166520/,2026-08-09,,,
registered_human_20,VUONG2025_S7_083,overlap,partial,documented,partial,partial,https://pmc.ncbi.nlm.nih.gov/articles/PMC10166520/,2026-08-09,,,
registered_human_20,VUONG2025_S7_083,target_uncertainty,not_documented,not_documented,unresolved,not_documented,https://pmc.ncbi.nlm.nih.gov/articles/PMC10166520/,2026-08-09,,,
registered_human_20,VUONG2025_S7_083,threshold_provenance,partial,partial,unresolved,partial,https://pmc.ncbi.nlm.nih.gov/articles/PMC10166520/,2026-08-09,,,
registered_human_20,VUONG2025_S7_083,threshold_timing,not_documented,partial,unresolved,partial,https://pmc.ncbi.nlm.nih.gov/articles/PMC10166520/,2026-08-09,,,
registered_human_20,VUONG2025_S7_083,source_access,unclear,controlled,public,controlled,https://pmc.ncbi.nlm.nih.gov/articles/PMC10166520/,2026-08-09,,,
registered_human_20,VUONG2025_S7_083,target_access,unclear,unclear,unclear,unclear,https://pmc.ncbi.nlm.nih.gov/articles/PMC10166520/,2026-07-30,,,
registered_human_20,VUONG2025_S7_083,reuse_terms,not_documented,partial,partial,partial,https://pmc.ncbi.nlm.nih.gov/articles/PMC10166520/,2026-07-30,,,
registered_human_20,VUONG2025_S7_083,code_record,not_documented,documented,documented,documented,https://pmc.ncbi.nlm.nih.gov/articles/PMC10166520/,2026-07-30,,,
registered_human_20,VUONG2025_S7_083,fixed_version,not_applicable,not_applicable,not_verified,not_verified,https://pmc.ncbi.nlm.nih.gov/articles/PMC10166520/,2026-08-09,,,
registered_human_20,VUONG2025_S7_083,execution_path,not_applicable,not_applicable,not_self_contained,not_self_contained,https://pmc.ncbi.nlm.nih.gov/articles/PMC10166520/,2026-08-09,,,
additional_human_24,VUONG2025_S7_004,target_definition,documented,partial,documented,documented,https://pmc.ncbi.nlm.nih.gov/articles/PMC10113884/,2026-08-11,low_public_record_resolution_burden,20,8
additional_human_24,VUONG2025_S7_004,effect_modifier,documented,not_documented,documented,documented,https://pmc.ncbi.nlm.nih.gov/articles/PMC10113884/,2026-08-11,low_public_record_resolution_burden,20,8
additional_human_24,VUONG2025_S7_004,harmonization,partial,partial,documented,partial,https://pmc.ncbi.nlm.nih.gov/articles/PMC10113884/,2026-08-11,low_public_record_resolution_burden,20,8
additional_human_24,VUONG2025_S7_004,overlap,partial,not_documented,documented,partial,https://pmc.ncbi.nlm.nih.gov/articles/PMC10113884/,2026-08-11,low_public_record_resolution_burden,20,8
additional_human_24,VUONG2025_S7_004,target_uncertainty,documented,not_documented,documented,documented,https://pmc.ncbi.nlm.nih.gov/articles/PMC10113884/,2026-08-11,low_public_record_resolution_burden,20,8
additional_human_24,VUONG2025_S7_004,threshold_provenance,partial,no_threshold_used,no_threshold_used,no_threshold_used,https://pmc.ncbi.nlm.nih.gov/articles/PMC10113884/,2026-07-30,low_public_record_resolution_burden,20,8
additional_human_24,VUONG2025_S7_004,threshold_timing,not_documented,not_applicable,not_applicable,not_applicable,https://pmc.ncbi.nlm.nih.gov/articles/PMC10113884/,2026-07-30,low_public_record_resolution_burden,20,8
additional_human_24,VUONG2025_S7_004,source_access,unclear,public,public,public,https://pmc.ncbi.nlm.nih.gov/articles/PMC10113884/,2026-07-30,low_public_record_resolution_burden,20,8
additional_human_24,VUONG2025_S7_004,target_access,unclear,public,public,public,https://pmc.ncbi.nlm.nih.gov/articles/PMC10113884/,2026-07-30,low_public_record_resolution_burden,20,8
additional_human_24,VUONG2025_S7_004,reuse_terms,not_documented,not_documented,documented,not_documented,https://pmc.ncbi.nlm.nih.gov/articles/PMC10113884/,2026-08-11,low_public_record_resolution_burden,20,8
additional_human_24,VUONG2025_S7_004,code_record,not_documented,not_documented,not_documented,not_documented,https://pmc.ncbi.nlm.nih.gov/articles/PMC10113884/,2026-07-30,low_public_record_resolution_burden,20,8
additional_human_24,VUONG2025_S7_004,fixed_version,not_applicable,not_applicable,not_applicable,not_applicable,https://pmc.ncbi.nlm.nih.gov/articles/PMC10113884/,2026-07-30,low_public_record_resolution_burden,20,8
additional_human_24,VUONG2025_S7_004,execution_path,not_applicable,not_applicable,not_applicable,not_applicable,https://pmc.ncbi.nlm.nih.gov/articles/PMC10113884/,2026-07-30,low_public_record_resolution_burden,20,8
additional_human_24,VUONG2025_S7_005,target_definition,partial,partial,partial,partial,https://pmc.ncbi.nlm.nih.gov/articles/PMC8742835/,2026-07-30,low_public_record_resolution_burden,20,8
additional_human_24,VUONG2025_S7_005,effect_modifier,partial,partial,partial,partial,https://pmc.ncbi.nlm.nih.gov/articles/PMC8742835/,2026-07-30,low_public_record_resolution_burden,20,8
additional_human_24,VUONG2025_S7_005,harmonization,partial,partial,partial,partial,https://pmc.ncbi.nlm.nih.gov/articles/PMC8742835/,2026-07-30,low_public_record_resolution_burden,20,8
additional_human_24,VUONG2025_S7_005,overlap,unresolved,partial,partial,partial,https://pmc.ncbi.nlm.nih.gov/articles/PMC8742835/,2026-07-30,low_public_record_resolution_burden,20,8
additional_human_24,VUONG2025_S7_005,target_uncertainty,partial,partial,partial,partial,https://pmc.ncbi.nlm.nih.gov/articles/PMC8742835/,2026-07-30,low_public_record_resolution_burden,20,8
additional_human_24,VUONG2025_S7_005,threshold_provenance,partial,no_threshold_used,no_threshold_used,no_threshold_used,https://pmc.ncbi.nlm.nih.gov/articles/PMC8742835/,2026-07-30,low_public_record_resolution_burden,20,8
additional_human_24,VUONG2025_S7_005,threshold_timing,not_documented,not_applicable,not_applicable,not_applicable,https://pmc.ncbi.nlm.nih.gov/articles/PMC8742835/,2026-07-30,low_public_record_resolution_burden,20,8
additional_human_24,VUONG2025_S7_005,source_access,unclear,public,public,public,https://pmc.ncbi.nlm.nih.gov/articles/PMC8742835/,2026-07-30,low_public_record_resolution_burden,20,8
additional_human_24,VUONG2025_S7_005,target_access,unclear,public,unclear,unclear,https://pmc.ncbi.nlm.nih.gov/articles/PMC8742835/,2026-08-11,low_public_record_resolution_burden,20,8
additional_human_24,VUONG2025_S7_005,reuse_terms,unresolved,not_documented,not_documented,not_documented,https://pmc.ncbi.nlm.nih.gov/articles/PMC8742835/,2026-07-30,low_public_record_resolution_burden,20,8
additional_human_24,VUONG2025_S7_005,code_record,partial,not_documented,not_documented,not_documented,https://pmc.ncbi.nlm.nih.gov/articles/PMC8742835/,2026-07-30,low_public_record_resolution_burden,20,8
additional_human_24,VUONG2025_S7_005,fixed_version,not_verified,not_applicable,not_applicable,not_applicable,https://pmc.ncbi.nlm.nih.gov/articles/PMC8742835/,2026-07-30,low_public_record_resolution_burden,20,8
additional_human_24,VUONG2025_S7_005,execution_path,not_self_contained,not_applicable,not_applicable,not_applicable,https://pmc.ncbi.nlm.nih.gov/articles/PMC8742835/,2026-07-30,low_public_record_resolution_burden,20,8
additional_human_24,VUONG2025_S7_020,target_definition,partial,documented,documented,documented,https://arxiv.org/abs/2105.10060,2026-07-30,low_public_record_resolution_burden,20,8
additional_human_24,VUONG2025_S7_020,effect_modifier,documented,documented,documented,documented,https://arxiv.org/abs/2105.10060,2026-07-30,low_public_record_resolution_burden,20,8
additional_human_24,VUONG2025_S7_020,harmonization,not_documented,documented,documented,documented,https://arxiv.org/abs/2105.10060,2026-07-30,low_public_record_resolution_burden,20,8
additional_human_24,VUONG2025_S7_020,overlap,documented,documented,documented,documented,https://arxiv.org/abs/2105.10060,2026-07-30,low_public_record_resolution_burden,20,8
additional_human_24,VUONG2025_S7_020,target_uncertainty,documented,documented,documented,documented,https://arxiv.org/abs/2105.10060,2026-07-30,low_public_record_resolution_burden,20,8
additional_human_24,VUONG2025_S7_020,threshold_provenance,partial,no_threshold_used,no_threshold_used,no_threshold_used,https://arxiv.org/abs/2105.10060,2026-07-30,low_public_record_resolution_burden,20,8
additional_human_24,VUONG2025_S7_020,threshold_timing,not_documented,not_applicable,not_applicable,not_applicable,https://arxiv.org/abs/2105.10060,2026-07-30,low_public_record_resolution_burden,20,8
additional_human_24,VUONG2025_S7_020,source_access,unclear,public,public,public,https://arxiv.org/abs/2105.10060,2026-07-30,low_public_record_resolution_burden,20,8
additional_human_24,VUONG2025_S7_020,target_access,public,public,public,public,https://arxiv.org/abs/2105.10060,2026-07-30,low_public_record_resolution_burden,20,8
additional_human_24,VUONG2025_S7_020,reuse_terms,not_documented,documented,documented,documented,https://arxiv.org/abs/2105.10060,2026-07-30,low_public_record_resolution_burden,20,8
additional_human_24,VUONG2025_S7_020,code_record,not_documented,documented,documented,documented,https://arxiv.org/abs/2105.10060,2026-07-30,low_public_record_resolution_burden,20,8
additional_human_24,VUONG2025_S7_020,fixed_version,not_applicable,verified,not_verified,not_verified,https://arxiv.org/abs/2105.10060,2026-08-11,low_public_record_resolution_burden,20,8
additional_human_24,VUONG2025_S7_020,execution_path,not_applicable,verified,not_self_contained,not_self_contained,https://arxiv.org/abs/2105.10060,2026-08-11,low_public_record_resolution_burden,20,8
additional_human_24,VUONG2025_S7_040,target_definition,documented,documented,documented,documented,https://pmc.ncbi.nlm.nih.gov/articles/PMC10396418/,2026-07-30,low_public_record_resolution_burden,20,8
additional_human_24,VUONG2025_S7_040,effect_modifier,documented,documented,documented,documented,https://pmc.ncbi.nlm.nih.gov/articles/PMC10396418/,2026-07-30,low_public_record_resolution_burden,20,8
additional_human_24,VUONG2025_S7_040,harmonization,partial,documented,documented,documented,https://pmc.ncbi.nlm.nih.gov/articles/PMC10396418/,2026-07-30,low_public_record_resolution_burden,20,8
additional_human_24,VUONG2025_S7_040,overlap,documented,documented,documented,documented,https://pmc.ncbi.nlm.nih.gov/articles/PMC10396418/,2026-07-30,low_public_record_resolution_burden,20,8
additional_human_24,VUONG2025_S7_040,target_uncertainty,documented,documented,documented,documented,https://pmc.ncbi.nlm.nih.gov/articles/PMC10396418/,2026-07-30,low_public_record_resolution_burden,20,8
additional_human_24,VUONG2025_S7_040,threshold_provenance,documented,documented,documented,documented,https://pmc.ncbi.nlm.nih.gov/articles/PMC10396418/,2026-07-30,low_public_record_resolution_burden,20,8
additional_human_24,VUONG2025_S7_040,threshold_timing,not_documented,documented,documented,documented,https://pmc.ncbi.nlm.nih.gov/articles/PMC10396418/,2026-07-30,low_public_record_resolution_burden,20,8
additional_human_24,VUONG2025_S7_040,source_access,controlled,controlled,controlled,controlled,https://pmc.ncbi.nlm.nih.gov/articles/PMC10396418/,2026-07-30,low_public_record_resolution_burden,20,8
additional_human_24,VUONG2025_S7_040,target_access,public,public,public,public,https://pmc.ncbi.nlm.nih.gov/articles/PMC10396418/,2026-07-30,low_public_record_resolution_burden,20,8
additional_human_24,VUONG2025_S7_040,reuse_terms,not_documented,documented,documented,documented,https://pmc.ncbi.nlm.nih.gov/articles/PMC10396418/,2026-07-30,low_public_record_resolution_burden,20,8
additional_human_24,VUONG2025_S7_040,code_record,not_documented,not_documented,not_documented,not_documented,https://pmc.ncbi.nlm.nih.gov/articles/PMC10396418/,2026-07-30,low_public_record_resolution_burden,20,8
additional_human_24,VUONG2025_S7_040,fixed_version,not_applicable,not_applicable,not_applicable,not_applicable,https://pmc.ncbi.nlm.nih.gov/articles/PMC10396418/,2026-07-30,low_public_record_resolution_burden,20,8
additional_human_24,VUONG2025_S7_040,execution_path,not_applicable,not_applicable,not_applicable,not_applicable,https://pmc.ncbi.nlm.nih.gov/articles/PMC10396418/,2026-07-30,low_public_record_resolution_burden,20,8
additional_human_24,VUONG2025_S7_047,target_definition,documented,documented,documented,documented,https://arxiv.org/abs/2210.02571,2026-07-30,low_public_record_resolution_burden,20,8
additional_human_24,VUONG2025_S7_047,effect_modifier,documented,documented,documented,documented,https://arxiv.org/abs/2210.02571,2026-07-30,low_public_record_resolution_burden,20,8
additional_human_24,VUONG2025_S7_047,harmonization,partial,partial,documented,partial,https://arxiv.org/abs/2210.02571,2026-08-11,low_public_record_resolution_burden,20,8
additional_human_24,VUONG2025_S7_047,overlap,partial,documented,documented,documented,https://arxiv.org/abs/2210.02571,2026-07-30,low_public_record_resolution_burden,20,8
additional_human_24,VUONG2025_S7_047,target_uncertainty,documented,documented,documented,documented,https://arxiv.org/abs/2210.02571,2026-07-30,low_public_record_resolution_burden,20,8
additional_human_24,VUONG2025_S7_047,threshold_provenance,partial,no_threshold_used,no_threshold_used,no_threshold_used,https://arxiv.org/abs/2210.02571,2026-07-30,low_public_record_resolution_burden,20,8
additional_human_24,VUONG2025_S7_047,threshold_timing,not_documented,not_applicable,not_applicable,not_applicable,https://arxiv.org/abs/2210.02571,2026-07-30,low_public_record_resolution_burden,20,8
additional_human_24,VUONG2025_S7_047,source_access,unclear,public,public,public,https://arxiv.org/abs/2210.02571,2026-07-30,low_public_record_resolution_burden,20,8
additional_human_24,VUONG2025_S7_047,target_access,unclear,public,public,public,https://arxiv.org/abs/2210.02571,2026-07-30,low_public_record_resolution_burden,20,8
additional_human_24,VUONG2025_S7_047,reuse_terms,not_documented,not_documented,documented,not_documented,https://arxiv.org/abs/2210.02571,2026-08-11,low_public_record_resolution_burden,20,8
additional_human_24,VUONG2025_S7_047,code_record,not_documented,not_documented,not_documented,not_documented,https://arxiv.org/abs/2210.02571,2026-07-30,low_public_record_resolution_burden,20,8
additional_human_24,VUONG2025_S7_047,fixed_version,not_applicable,not_applicable,not_applicable,not_applicable,https://arxiv.org/abs/2210.02571,2026-07-30,low_public_record_resolution_burden,20,8
additional_human_24,VUONG2025_S7_047,execution_path,not_applicable,not_applicable,not_applicable,not_applicable,https://arxiv.org/abs/2210.02571,2026-07-30,low_public_record_resolution_burden,20,8
additional_human_24,VUONG2025_S7_062,target_definition,documented,documented,documented,documented,https://pmc.ncbi.nlm.nih.gov/articles/PMC10828917/,2026-07-30,low_public_record_resolution_burden,20,8
additional_human_24,VUONG2025_S7_062,effect_modifier,documented,documented,partial,documented,https://pmc.ncbi.nlm.nih.gov/articles/PMC10828917/,2026-08-11,low_public_record_resolution_burden,20,8
additional_human_24,VUONG2025_S7_062,harmonization,documented,partial,partial,partial,https://pmc.ncbi.nlm.nih.gov/articles/PMC10828917/,2026-07-30,low_public_record_resolution_burden,20,8
additional_human_24,VUONG2025_S7_062,overlap,documented,documented,partial,documented,https://pmc.ncbi.nlm.nih.gov/articles/PMC10828917/,2026-08-11,low_public_record_resolution_burden,20,8
additional_human_24,VUONG2025_S7_062,target_uncertainty,documented,documented,documented,documented,https://pmc.ncbi.nlm.nih.gov/articles/PMC10828917/,2026-07-30,low_public_record_resolution_burden,20,8
additional_human_24,VUONG2025_S7_062,threshold_provenance,documented,no_threshold_used,no_threshold_used,no_threshold_used,https://pmc.ncbi.nlm.nih.gov/articles/PMC10828917/,2026-07-30,low_public_record_resolution_burden,20,8
additional_human_24,VUONG2025_S7_062,threshold_timing,partial,not_applicable,not_applicable,not_applicable,https://pmc.ncbi.nlm.nih.gov/articles/PMC10828917/,2026-07-30,low_public_record_resolution_burden,20,8
additional_human_24,VUONG2025_S7_062,source_access,controlled,public,public,public,https://pmc.ncbi.nlm.nih.gov/articles/PMC10828917/,2026-07-30,low_public_record_resolution_burden,20,8
additional_human_24,VUONG2025_S7_062,target_access,public,public,public,public,https://pmc.ncbi.nlm.nih.gov/articles/PMC10828917/,2026-07-30,low_public_record_resolution_burden,20,8
additional_human_24,VUONG2025_S7_062,reuse_terms,not_documented,not_documented,documented,not_documented,https://pmc.ncbi.nlm.nih.gov/articles/PMC10828917/,2026-08-11,low_public_record_resolution_burden,20,8
additional_human_24,VUONG2025_S7_062,code_record,not_documented,not_documented,not_documented,not_documented,https://pmc.ncbi.nlm.nih.gov/articles/PMC10828917/,2026-07-30,low_public_record_resolution_burden,20,8
additional_human_24,VUONG2025_S7_062,fixed_version,not_applicable,not_applicable,not_applicable,not_applicable,https://pmc.ncbi.nlm.nih.gov/articles/PMC10828917/,2026-07-30,low_public_record_resolution_burden,20,8
additional_human_24,VUONG2025_S7_062,execution_path,not_applicable,not_applicable,not_applicable,not_applicable,https://pmc.ncbi.nlm.nih.gov/articles/PMC10828917/,2026-07-30,low_public_record_resolution_burden,20,8
additional_human_24,VUONG2025_S7_070,target_definition,partial,documented,documented,documented,https://pmc.ncbi.nlm.nih.gov/articles/PMC10910888/,2026-07-30,low_public_record_resolution_burden,20,8
additional_human_24,VUONG2025_S7_070,effect_modifier,documented,documented,documented,documented,https://pmc.ncbi.nlm.nih.gov/articles/PMC10910888/,2026-07-30,low_public_record_resolution_burden,20,8
additional_human_24,VUONG2025_S7_070,harmonization,partial,partial,partial,partial,https://pmc.ncbi.nlm.nih.gov/articles/PMC10910888/,2026-07-30,low_public_record_resolution_burden,20,8
additional_human_24,VUONG2025_S7_070,overlap,partial,documented,documented,documented,https://pmc.ncbi.nlm.nih.gov/articles/PMC10910888/,2026-07-30,low_public_record_resolution_burden,20,8
additional_human_24,VUONG2025_S7_070,target_uncertainty,partial,partial,not_documented,partial,https://pmc.ncbi.nlm.nih.gov/articles/PMC10910888/,2026-08-11,low_public_record_resolution_burden,20,8
additional_human_24,VUONG2025_S7_070,threshold_provenance,partial,no_threshold_used,no_threshold_used,no_threshold_used,https://pmc.ncbi.nlm.nih.gov/articles/PMC10910888/,2026-07-30,low_public_record_resolution_burden,20,8
additional_human_24,VUONG2025_S7_070,threshold_timing,not_documented,not_applicable,not_applicable,not_applicable,https://pmc.ncbi.nlm.nih.gov/articles/PMC10910888/,2026-07-30,low_public_record_resolution_burden,20,8
additional_human_24,VUONG2025_S7_070,source_access,unavailable,public,public,public,https://pmc.ncbi.nlm.nih.gov/articles/PMC10910888/,2026-07-30,low_public_record_resolution_burden,20,8
additional_human_24,VUONG2025_S7_070,target_access,not_applicable,public,public,public,https://pmc.ncbi.nlm.nih.gov/articles/PMC10910888/,2026-07-30,low_public_record_resolution_burden,20,8
additional_human_24,VUONG2025_S7_070,reuse_terms,not_documented,not_documented,not_documented,not_documented,https://pmc.ncbi.nlm.nih.gov/articles/PMC10910888/,2026-07-30,low_public_record_resolution_burden,20,8
additional_human_24,VUONG2025_S7_070,code_record,documented,documented,documented,documented,https://github.com/dzugna/transportability-tmle.git,2026-07-30,low_public_record_resolution_burden,20,8
additional_human_24,VUONG2025_S7_070,fixed_version,not_verified,not_verified,not_verified,not_verified,https://github.com/dzugna/transportability-tmle.git,2026-07-30,low_public_record_resolution_burden,20,8
additional_human_24,VUONG2025_S7_070,execution_path,not_self_contained,not_self_contained,not_self_contained,not_self_contained,https://github.com/dzugna/transportability-tmle.git,2026-07-30,low_public_record_resolution_burden,20,8
additional_human_24,VUONG2025_S7_075,target_definition,documented,documented,documented,documented,https://pmc.ncbi.nlm.nih.gov/articles/PMC8317069/,2026-07-30,low_public_record_resolution_burden,20,8
additional_human_24,VUONG2025_S7_075,effect_modifier,documented,documented,documented,documented,https://pmc.ncbi.nlm.nih.gov/articles/PMC8317069/,2026-07-30,low_public_record_resolution_burden,20,8
additional_human_24,VUONG2025_S7_075,harmonization,documented,documented,documented,documented,https://pmc.ncbi.nlm.nih.gov/articles/PMC8317069/,2026-07-30,low_public_record_resolution_burden,20,8
additional_human_24,VUONG2025_S7_075,overlap,documented,documented,documented,documented,https://pmc.ncbi.nlm.nih.gov/articles/PMC8317069/,2026-07-30,low_public_record_resolution_burden,20,8
additional_human_24,VUONG2025_S7_075,target_uncertainty,partial,documented,documented,documented,https://pmc.ncbi.nlm.nih.gov/articles/PMC8317069/,2026-07-30,low_public_record_resolution_burden,20,8
additional_human_24,VUONG2025_S7_075,threshold_provenance,documented,no_threshold_used,no_threshold_used,no_threshold_used,https://pmc.ncbi.nlm.nih.gov/articles/PMC8317069/,2026-07-30,low_public_record_resolution_burden,20,8
additional_human_24,VUONG2025_S7_075,threshold_timing,not_documented,not_applicable,not_applicable,not_applicable,https://pmc.ncbi.nlm.nih.gov/articles/PMC8317069/,2026-07-30,low_public_record_resolution_burden,20,8
additional_human_24,VUONG2025_S7_075,source_access,controlled,public,public,public,https://pmc.ncbi.nlm.nih.gov/articles/PMC8317069/,2026-07-30,low_public_record_resolution_burden,20,8
additional_human_24,VUONG2025_S7_075,target_access,controlled,public,public,public,https://pmc.ncbi.nlm.nih.gov/articles/PMC8317069/,2026-07-30,low_public_record_resolution_burden,20,8
additional_human_24,VUONG2025_S7_075,reuse_terms,not_documented,not_documented,documented,not_documented,https://pmc.ncbi.nlm.nih.gov/articles/PMC8317069/,2026-08-11,low_public_record_resolution_burden,20,8
additional_human_24,VUONG2025_S7_075,code_record,not_documented,not_documented,not_applicable,not_documented,https://pmc.ncbi.nlm.nih.gov/articles/PMC8317069/,2026-08-11,low_public_record_resolution_burden,20,8
additional_human_24,VUONG2025_S7_075,fixed_version,not_applicable,not_applicable,not_applicable,not_applicable,https://pmc.ncbi.nlm.nih.gov/articles/PMC8317069/,2026-07-30,low_public_record_resolution_burden,20,8
additional_human_24,VUONG2025_S7_075,execution_path,not_applicable,not_applicable,not_applicable,not_applicable,https://pmc.ncbi.nlm.nih.gov/articles/PMC8317069/,2026-07-30,low_public_record_resolution_burden,20,8
additional_human_24,VUONG2025_S7_028,target_definition,unresolved,documented,documented,documented,https://pmc.ncbi.nlm.nih.gov/articles/PMC9066547/,2026-07-30,medium_public_record_resolution_burden,25,8
additional_human_24,VUONG2025_S7_028,effect_modifier,documented,documented,documented,documented,https://pmc.ncbi.nlm.nih.gov/articles/PMC9066547/,2026-07-30,medium_public_record_resolution_burden,25,8
additional_human_24,VUONG2025_S7_028,harmonization,unresolved,documented,not_documented,unresolved,https://pmc.ncbi.nlm.nih.gov/articles/PMC9066547/,2026-08-11,medium_public_record_resolution_burden,25,8
additional_human_24,VUONG2025_S7_028,overlap,unresolved,documented,documented,documented,https://pmc.ncbi.nlm.nih.gov/articles/PMC9066547/,2026-07-30,medium_public_record_resolution_burden,25,8
additional_human_24,VUONG2025_S7_028,target_uncertainty,documented,documented,not_documented,documented,https://pmc.ncbi.nlm.nih.gov/articles/PMC9066547/,2026-08-11,medium_public_record_resolution_burden,25,8
additional_human_24,VUONG2025_S7_028,threshold_provenance,unresolved,no_threshold_used,no_threshold_used,no_threshold_used,https://pmc.ncbi.nlm.nih.gov/articles/PMC9066547/,2026-07-30,medium_public_record_resolution_burden,25,8
additional_human_24,VUONG2025_S7_028,threshold_timing,unresolved,not_applicable,not_applicable,not_applicable,https://pmc.ncbi.nlm.nih.gov/articles/PMC9066547/,2026-07-30,medium_public_record_resolution_burden,25,8
additional_human_24,VUONG2025_S7_028,source_access,unresolved,public,public,public,https://pmc.ncbi.nlm.nih.gov/articles/PMC9066547/,2026-07-30,medium_public_record_resolution_burden,25,8
additional_human_24,VUONG2025_S7_028,target_access,unresolved,public,public,public,https://pmc.ncbi.nlm.nih.gov/articles/PMC9066547/,2026-07-30,medium_public_record_resolution_burden,25,8
additional_human_24,VUONG2025_S7_028,reuse_terms,unresolved,documented,not_documented,unresolved,https://pmc.ncbi.nlm.nih.gov/articles/PMC9066547/,2026-08-11,medium_public_record_resolution_burden,25,8
additional_human_24,VUONG2025_S7_028,code_record,unresolved,partial,documented,unresolved,https://pmc.ncbi.nlm.nih.gov/articles/PMC9066547/,2026-08-11,medium_public_record_resolution_burden,25,8
additional_human_24,VUONG2025_S7_028,fixed_version,unresolved,unresolved,not_verified,unresolved,https://pmc.ncbi.nlm.nih.gov/articles/PMC9066547/,2026-08-11,medium_public_record_resolution_burden,25,8
additional_human_24,VUONG2025_S7_028,execution_path,unresolved,unresolved,not_attempted,unresolved,https://pmc.ncbi.nlm.nih.gov/articles/PMC9066547/,2026-08-11,medium_public_record_resolution_burden,25,8
additional_human_24,VUONG2025_S7_030,target_definition,documented,documented,documented,documented,https://pmc.ncbi.nlm.nih.gov/articles/PMC10219839/,2026-07-30,medium_public_record_resolution_burden,25,8
additional_human_24,VUONG2025_S7_030,effect_modifier,documented,documented,documented,documented,https://pmc.ncbi.nlm.nih.gov/articles/PMC10219839/,2026-07-30,medium_public_record_resolution_burden,25,8
additional_human_24,VUONG2025_S7_030,harmonization,documented,documented,documented,documented,https://pmc.ncbi.nlm.nih.gov/articles/PMC10219839/,2026-07-30,medium_public_record_resolution_burden,25,8
additional_human_24,VUONG2025_S7_030,overlap,unresolved,documented,documented,documented,https://pmc.ncbi.nlm.nih.gov/articles/PMC10219839/,2026-07-30,medium_public_record_resolution_burden,25,8
additional_human_24,VUONG2025_S7_030,target_uncertainty,documented,documented,documented,documented,https://pmc.ncbi.nlm.nih.gov/articles/PMC10219839/,2026-07-30,medium_public_record_resolution_burden,25,8
additional_human_24,VUONG2025_S7_030,threshold_provenance,unresolved,no_threshold_used,no_threshold_used,no_threshold_used,https://pmc.ncbi.nlm.nih.gov/articles/PMC10219839/,2026-07-30,medium_public_record_resolution_burden,25,8
additional_human_24,VUONG2025_S7_030,threshold_timing,unresolved,not_applicable,not_applicable,not_applicable,https://pmc.ncbi.nlm.nih.gov/articles/PMC10219839/,2026-07-30,medium_public_record_resolution_burden,25,8
additional_human_24,VUONG2025_S7_030,source_access,controlled,public,public,public,https://pmc.ncbi.nlm.nih.gov/articles/PMC10219839/,2026-07-30,medium_public_record_resolution_burden,25,8
additional_human_24,VUONG2025_S7_030,target_access,controlled,public,public,public,https://pmc.ncbi.nlm.nih.gov/articles/PMC10219839/,2026-07-30,medium_public_record_resolution_burden,25,8
additional_human_24,VUONG2025_S7_030,reuse_terms,unresolved,documented,documented,documented,https://pmc.ncbi.nlm.nih.gov/articles/PMC10219839/,2026-07-30,medium_public_record_resolution_burden,25,8
additional_human_24,VUONG2025_S7_030,code_record,unresolved,not_documented,not_documented,not_documented,https://pmc.ncbi.nlm.nih.gov/articles/PMC10219839/,2026-07-30,medium_public_record_resolution_burden,25,8
additional_human_24,VUONG2025_S7_030,fixed_version,unresolved,not_applicable,not_applicable,not_applicable,https://pmc.ncbi.nlm.nih.gov/articles/PMC10219839/,2026-07-30,medium_public_record_resolution_burden,25,8
additional_human_24,VUONG2025_S7_030,execution_path,unresolved,not_applicable,not_applicable,not_applicable,https://pmc.ncbi.nlm.nih.gov/articles/PMC10219839/,2026-07-30,medium_public_record_resolution_burden,25,8
additional_human_24,VUONG2025_S7_031,target_definition,documented,documented,documented,documented,https://pmc.ncbi.nlm.nih.gov/articles/PMC10219839/,2026-07-30,medium_public_record_resolution_burden,25,8
additional_human_24,VUONG2025_S7_031,effect_modifier,documented,documented,documented,documented,https://pmc.ncbi.nlm.nih.gov/articles/PMC10219839/,2026-07-30,medium_public_record_resolution_burden,25,8
additional_human_24,VUONG2025_S7_031,harmonization,documented,documented,not_documented,documented,https://pmc.ncbi.nlm.nih.gov/articles/PMC10219839/,2026-08-11,medium_public_record_resolution_burden,25,8
additional_human_24,VUONG2025_S7_031,overlap,unresolved,documented,documented,documented,https://pmc.ncbi.nlm.nih.gov/articles/PMC10219839/,2026-07-30,medium_public_record_resolution_burden,25,8
additional_human_24,VUONG2025_S7_031,target_uncertainty,documented,documented,documented,documented,https://pmc.ncbi.nlm.nih.gov/articles/PMC10219839/,2026-07-30,medium_public_record_resolution_burden,25,8
additional_human_24,VUONG2025_S7_031,threshold_provenance,unresolved,no_threshold_used,documented,documented,https://pmc.ncbi.nlm.nih.gov/articles/PMC10219839/,2026-08-11,medium_public_record_resolution_burden,25,8
additional_human_24,VUONG2025_S7_031,threshold_timing,unresolved,not_applicable,documented,not_documented,https://pmc.ncbi.nlm.nih.gov/articles/PMC10219839/,2026-08-11,medium_public_record_resolution_burden,25,8
additional_human_24,VUONG2025_S7_031,source_access,controlled,public,public,public,https://pmc.ncbi.nlm.nih.gov/articles/PMC10219839/,2026-07-30,medium_public_record_resolution_burden,25,8
additional_human_24,VUONG2025_S7_031,target_access,controlled,public,public,public,https://pmc.ncbi.nlm.nih.gov/articles/PMC10219839/,2026-07-30,medium_public_record_resolution_burden,25,8
additional_human_24,VUONG2025_S7_031,reuse_terms,unresolved,documented,not_documented,unresolved,https://pmc.ncbi.nlm.nih.gov/articles/PMC10219839/,2026-08-11,medium_public_record_resolution_burden,25,8
additional_human_24,VUONG2025_S7_031,code_record,unresolved,unresolved,not_documented,unresolved,https://pmc.ncbi.nlm.nih.gov/articles/PMC10219839/,2026-08-11,medium_public_record_resolution_burden,25,8
additional_human_24,VUONG2025_S7_031,fixed_version,unresolved,unresolved,not_applicable,unresolved,https://pmc.ncbi.nlm.nih.gov/articles/PMC10219839/,2026-08-11,medium_public_record_resolution_burden,25,8
additional_human_24,VUONG2025_S7_031,execution_path,unresolved,unresolved,not_applicable,unresolved,https://pmc.ncbi.nlm.nih.gov/articles/PMC10219839/,2026-08-11,medium_public_record_resolution_burden,25,8
additional_human_24,VUONG2025_S7_060,target_definition,documented,documented,documented,documented,https://pmc.ncbi.nlm.nih.gov/articles/PMC9634498/,2026-07-30,medium_public_record_resolution_burden,25,8
additional_human_24,VUONG2025_S7_060,effect_modifier,documented,partial,documented,documented,https://pmc.ncbi.nlm.nih.gov/articles/PMC9634498/,2026-08-11,medium_public_record_resolution_burden,25,8
additional_human_24,VUONG2025_S7_060,harmonization,partial,documented,documented,documented,https://pmc.ncbi.nlm.nih.gov/articles/PMC9634498/,2026-07-30,medium_public_record_resolution_burden,25,8
additional_human_24,VUONG2025_S7_060,overlap,documented,documented,documented,documented,https://pmc.ncbi.nlm.nih.gov/articles/PMC9634498/,2026-07-30,medium_public_record_resolution_burden,25,8
additional_human_24,VUONG2025_S7_060,target_uncertainty,documented,documented,documented,documented,https://pmc.ncbi.nlm.nih.gov/articles/PMC9634498/,2026-07-30,medium_public_record_resolution_burden,25,8
additional_human_24,VUONG2025_S7_060,threshold_provenance,partial,documented,documented,documented,https://pmc.ncbi.nlm.nih.gov/articles/PMC9634498/,2026-07-30,medium_public_record_resolution_burden,25,8
additional_human_24,VUONG2025_S7_060,threshold_timing,not_documented,documented,documented,documented,https://pmc.ncbi.nlm.nih.gov/articles/PMC9634498/,2026-07-30,medium_public_record_resolution_burden,25,8
additional_human_24,VUONG2025_S7_060,source_access,unavailable,public,public,public,https://pmc.ncbi.nlm.nih.gov/articles/PMC9634498/,2026-07-30,medium_public_record_resolution_burden,25,8
additional_human_24,VUONG2025_S7_060,target_access,unavailable,controlled,public,unavailable,https://pmc.ncbi.nlm.nih.gov/articles/PMC9634498/,2026-08-11,medium_public_record_resolution_burden,25,8
additional_human_24,VUONG2025_S7_060,reuse_terms,unresolved,documented,documented,documented,https://pmc.ncbi.nlm.nih.gov/articles/PMC9634498/,2026-07-30,medium_public_record_resolution_burden,25,8
additional_human_24,VUONG2025_S7_060,code_record,unresolved,not_documented,not_documented,not_documented,https://pmc.ncbi.nlm.nih.gov/articles/PMC9634498/,2026-07-30,medium_public_record_resolution_burden,25,8
additional_human_24,VUONG2025_S7_060,fixed_version,unresolved,not_applicable,not_applicable,not_applicable,https://pmc.ncbi.nlm.nih.gov/articles/PMC9634498/,2026-07-30,medium_public_record_resolution_burden,25,8
additional_human_24,VUONG2025_S7_060,execution_path,unresolved,not_applicable,not_applicable,not_applicable,https://pmc.ncbi.nlm.nih.gov/articles/PMC9634498/,2026-07-30,medium_public_record_resolution_burden,25,8
additional_human_24,VUONG2025_S7_061,target_definition,documented,documented,documented,documented,https://pmc.ncbi.nlm.nih.gov/articles/PMC10986821/,2026-07-30,medium_public_record_resolution_burden,25,8
additional_human_24,VUONG2025_S7_061,effect_modifier,documented,documented,documented,documented,https://pmc.ncbi.nlm.nih.gov/articles/PMC10986821/,2026-07-30,medium_public_record_resolution_burden,25,8
additional_human_24,VUONG2025_S7_061,harmonization,unresolved,partial,documented,unresolved,https://pmc.ncbi.nlm.nih.gov/articles/PMC10986821/,2026-08-11,medium_public_record_resolution_burden,25,8
additional_human_24,VUONG2025_S7_061,overlap,unresolved,partial,documented,unresolved,https://pmc.ncbi.nlm.nih.gov/articles/PMC10986821/,2026-08-11,medium_public_record_resolution_burden,25,8
additional_human_24,VUONG2025_S7_061,target_uncertainty,documented,partial,documented,documented,https://pmc.ncbi.nlm.nih.gov/articles/PMC10986821/,2026-08-11,medium_public_record_resolution_burden,25,8
additional_human_24,VUONG2025_S7_061,threshold_provenance,unresolved,no_threshold_used,no_threshold_used,no_threshold_used,https://pmc.ncbi.nlm.nih.gov/articles/PMC10986821/,2026-07-30,medium_public_record_resolution_burden,25,8
additional_human_24,VUONG2025_S7_061,threshold_timing,unresolved,not_applicable,not_applicable,not_applicable,https://pmc.ncbi.nlm.nih.gov/articles/PMC10986821/,2026-07-30,medium_public_record_resolution_burden,25,8
additional_human_24,VUONG2025_S7_061,source_access,controlled,public,public,public,https://pmc.ncbi.nlm.nih.gov/articles/PMC10986821/,2026-07-30,medium_public_record_resolution_burden,25,8
additional_human_24,VUONG2025_S7_061,target_access,controlled,public,public,public,https://pmc.ncbi.nlm.nih.gov/articles/PMC10986821/,2026-07-30,medium_public_record_resolution_burden,25,8
additional_human_24,VUONG2025_S7_061,reuse_terms,unresolved,documented,documented,documented,https://pmc.ncbi.nlm.nih.gov/articles/PMC10986821/,2026-07-30,medium_public_record_resolution_burden,25,8
additional_human_24,VUONG2025_S7_061,code_record,unresolved,documented,documented,documented,https://github.com/serobertson/GeneralizabilityCATE,2026-07-30,medium_public_record_resolution_burden,25,8
additional_human_24,VUONG2025_S7_061,fixed_version,unresolved,verified,verified,verified,https://github.com/serobertson/GeneralizabilityCATE,2026-07-30,medium_public_record_resolution_burden,25,8
additional_human_24,VUONG2025_S7_061,execution_path,unresolved,not_self_contained,verified,not_self_contained,https://github.com/serobertson/GeneralizabilityCATE,2026-08-11,medium_public_record_resolution_burden,25,8
additional_human_24,VUONG2025_S7_063,target_definition,documented,documented,documented,documented,https://pmc.ncbi.nlm.nih.gov/articles/PMC11484600/,2026-07-30,medium_public_record_resolution_burden,25,8
additional_human_24,VUONG2025_S7_063,effect_modifier,documented,documented,documented,documented,https://pmc.ncbi.nlm.nih.gov/articles/PMC11484600/,2026-07-30,medium_public_record_resolution_burden,25,8
additional_human_24,VUONG2025_S7_063,harmonization,unresolved,not_documented,not_documented,not_documented,https://pmc.ncbi.nlm.nih.gov/articles/PMC11484600/,2026-07-30,medium_public_record_resolution_burden,25,8
additional_human_24,VUONG2025_S7_063,overlap,unresolved,not_documented,documented,unresolved,https://pmc.ncbi.nlm.nih.gov/articles/PMC11484600/,2026-08-11,medium_public_record_resolution_burden,25,8
additional_human_24,VUONG2025_S7_063,target_uncertainty,documented,not_documented,not_documented,not_documented,https://pmc.ncbi.nlm.nih.gov/articles/PMC11484600/,2026-07-30,medium_public_record_resolution_burden,25,8
additional_human_24,VUONG2025_S7_063,threshold_provenance,unresolved,no_threshold_used,no_threshold_used,no_threshold_used,https://pmc.ncbi.nlm.nih.gov/articles/PMC11484600/,2026-07-30,medium_public_record_resolution_burden,25,8
additional_human_24,VUONG2025_S7_063,threshold_timing,unresolved,not_applicable,not_applicable,not_applicable,https://pmc.ncbi.nlm.nih.gov/articles/PMC11484600/,2026-07-30,medium_public_record_resolution_burden,25,8
additional_human_24,VUONG2025_S7_063,source_access,controlled,public,public,public,https://pmc.ncbi.nlm.nih.gov/articles/PMC11484600/,2026-07-30,medium_public_record_resolution_burden,25,8
additional_human_24,VUONG2025_S7_063,target_access,controlled,unresolved,public,controlled,https://pmc.ncbi.nlm.nih.gov/articles/PMC11484600/,2026-08-11,medium_public_record_resolution_burden,25,8
additional_human_24,VUONG2025_S7_063,reuse_terms,unresolved,not_documented,not_documented,not_documented,https://pmc.ncbi.nlm.nih.gov/articles/PMC11484600/,2026-07-30,medium_public_record_resolution_burden,25,8
additional_human_24,VUONG2025_S7_063,code_record,unresolved,unresolved,not_documented,unresolved,https://pmc.ncbi.nlm.nih.gov/articles/PMC11484600/,2026-08-11,medium_public_record_resolution_burden,25,8
additional_human_24,VUONG2025_S7_063,fixed_version,unresolved,unresolved,not_applicable,unresolved,https://pmc.ncbi.nlm.nih.gov/articles/PMC11484600/,2026-08-11,medium_public_record_resolution_burden,25,8
additional_human_24,VUONG2025_S7_063,execution_path,unresolved,unresolved,not_applicable,unresolved,https://pmc.ncbi.nlm.nih.gov/articles/PMC11484600/,2026-08-11,medium_public_record_resolution_burden,25,8
additional_human_24,VUONG2025_S7_066,target_definition,documented,documented,documented,documented,https://pmc.ncbi.nlm.nih.gov/articles/PMC5792307/,2026-07-30,medium_public_record_resolution_burden,25,8
additional_human_24,VUONG2025_S7_066,effect_modifier,documented,documented,documented,documented,https://pmc.ncbi.nlm.nih.gov/articles/PMC5792307/,2026-07-30,medium_public_record_resolution_burden,25,8
additional_human_24,VUONG2025_S7_066,harmonization,unresolved,documented,documented,documented,https://pmc.ncbi.nlm.nih.gov/articles/PMC5792307/,2026-07-30,medium_public_record_resolution_burden,25,8
additional_human_24,VUONG2025_S7_066,overlap,unresolved,documented,documented,documented,https://pmc.ncbi.nlm.nih.gov/articles/PMC5792307/,2026-07-30,medium_public_record_resolution_burden,25,8
additional_human_24,VUONG2025_S7_066,target_uncertainty,documented,documented,documented,documented,https://pmc.ncbi.nlm.nih.gov/articles/PMC5792307/,2026-07-30,medium_public_record_resolution_burden,25,8
additional_human_24,VUONG2025_S7_066,threshold_provenance,documented,no_threshold_used,no_threshold_used,no_threshold_used,https://pmc.ncbi.nlm.nih.gov/articles/PMC5792307/,2026-07-30,medium_public_record_resolution_burden,25,8
additional_human_24,VUONG2025_S7_066,threshold_timing,unresolved,not_applicable,not_applicable,not_applicable,https://pmc.ncbi.nlm.nih.gov/articles/PMC5792307/,2026-07-30,medium_public_record_resolution_burden,25,8
additional_human_24,VUONG2025_S7_066,source_access,controlled,public,public,public,https://pmc.ncbi.nlm.nih.gov/articles/PMC5792307/,2026-07-30,medium_public_record_resolution_burden,25,8
additional_human_24,VUONG2025_S7_066,target_access,controlled,public,public,public,https://pmc.ncbi.nlm.nih.gov/articles/PMC5792307/,2026-07-30,medium_public_record_resolution_burden,25,8
additional_human_24,VUONG2025_S7_066,reuse_terms,unresolved,documented,documented,documented,https://pmc.ncbi.nlm.nih.gov/articles/PMC5792307/,2026-07-30,medium_public_record_resolution_burden,25,8
additional_human_24,VUONG2025_S7_066,code_record,documented,documented,documented,documented,https://github.com/cherrygarcia/MTO-site-transportability-paper-code/blob/master/submissioncode1.R,2026-07-30,medium_public_record_resolution_burden,25,8
additional_human_24,VUONG2025_S7_066,fixed_version,unresolved,verified,verified,verified,https://github.com/cherrygarcia/MTO-site-transportability-paper-code/blob/master/submissioncode1.R,2026-07-30,medium_public_record_resolution_burden,25,8
additional_human_24,VUONG2025_S7_066,execution_path,unresolved,verified,not_self_contained,not_self_contained,https://github.com/cherrygarcia/MTO-site-transportability-paper-code/blob/master/submissioncode1.R,2026-08-11,medium_public_record_resolution_burden,25,8
additional_human_24,VUONG2025_S7_069,target_definition,unresolved,documented,documented,documented,https://pmc.ncbi.nlm.nih.gov/articles/PMC5784860/,2026-07-30,medium_public_record_resolution_burden,25,8
additional_human_24,VUONG2025_S7_069,effect_modifier,documented,documented,documented,documented,https://pmc.ncbi.nlm.nih.gov/articles/PMC5784860/,2026-07-30,medium_public_record_resolution_burden,25,8
additional_human_24,VUONG2025_S7_069,harmonization,not_applicable,not_documented,documented,not_applicable,https://pmc.ncbi.nlm.nih.gov/articles/PMC5784860/,2026-08-11,medium_public_record_resolution_burden,25,8
additional_human_24,VUONG2025_S7_069,overlap,unresolved,not_documented,documented,documented,https://pmc.ncbi.nlm.nih.gov/articles/PMC5784860/,2026-08-11,medium_public_record_resolution_burden,25,8
additional_human_24,VUONG2025_S7_069,target_uncertainty,documented,not_documented,documented,documented,https://pmc.ncbi.nlm.nih.gov/articles/PMC5784860/,2026-08-11,medium_public_record_resolution_burden,25,8
additional_human_24,VUONG2025_S7_069,threshold_provenance,unresolved,no_threshold_used,no_threshold_used,no_threshold_used,https://pmc.ncbi.nlm.nih.gov/articles/PMC5784860/,2026-07-30,medium_public_record_resolution_burden,25,8
additional_human_24,VUONG2025_S7_069,threshold_timing,unresolved,not_applicable,not_applicable,not_applicable,https://pmc.ncbi.nlm.nih.gov/articles/PMC5784860/,2026-07-30,medium_public_record_resolution_burden,25,8
additional_human_24,VUONG2025_S7_069,source_access,unresolved,public,public,public,https://pmc.ncbi.nlm.nih.gov/articles/PMC5784860/,2026-07-30,medium_public_record_resolution_burden,25,8
additional_human_24,VUONG2025_S7_069,target_access,unresolved,public,public,public,https://pmc.ncbi.nlm.nih.gov/articles/PMC5784860/,2026-07-30,medium_public_record_resolution_burden,25,8
additional_human_24,VUONG2025_S7_069,reuse_terms,unresolved,not_documented,documented,unresolved,https://pmc.ncbi.nlm.nih.gov/articles/PMC5784860/,2026-08-11,medium_public_record_resolution_burden,25,8
additional_human_24,VUONG2025_S7_069,code_record,unresolved,not_documented,not_documented,not_documented,https://pmc.ncbi.nlm.nih.gov/articles/PMC5784860/,2026-07-30,medium_public_record_resolution_burden,25,8
additional_human_24,VUONG2025_S7_069,fixed_version,unresolved,not_applicable,not_applicable,not_applicable,https://pmc.ncbi.nlm.nih.gov/articles/PMC5784860/,2026-07-30,medium_public_record_resolution_burden,25,8
additional_human_24,VUONG2025_S7_069,execution_path,unresolved,not_applicable,not_applicable,not_applicable,https://pmc.ncbi.nlm.nih.gov/articles/PMC5784860/,2026-07-30,medium_public_record_resolution_burden,25,8
additional_human_24,VUONG2025_S7_012,target_definition,unresolved,unresolved,unresolved,unresolved,https://doi.org/10.1177/1403494819890784,2026-07-30,high_public_record_resolution_burden,18,8
additional_human_24,VUONG2025_S7_012,effect_modifier,unresolved,unresolved,unresolved,unresolved,https://doi.org/10.1177/1403494819890784,2026-07-30,high_public_record_resolution_burden,18,8
additional_human_24,VUONG2025_S7_012,harmonization,unresolved,unresolved,unresolved,unresolved,https://doi.org/10.1177/1403494819890784,2026-07-30,high_public_record_resolution_burden,18,8
additional_human_24,VUONG2025_S7_012,overlap,unresolved,unresolved,unresolved,unresolved,https://doi.org/10.1177/1403494819890784,2026-07-30,high_public_record_resolution_burden,18,8
additional_human_24,VUONG2025_S7_012,target_uncertainty,unresolved,unresolved,unresolved,unresolved,https://doi.org/10.1177/1403494819890784,2026-07-30,high_public_record_resolution_burden,18,8
additional_human_24,VUONG2025_S7_012,threshold_provenance,unresolved,unresolved,unresolved,unresolved,https://doi.org/10.1177/1403494819890784,2026-07-30,high_public_record_resolution_burden,18,8
additional_human_24,VUONG2025_S7_012,threshold_timing,unresolved,unresolved,unresolved,unresolved,https://doi.org/10.1177/1403494819890784,2026-07-30,high_public_record_resolution_burden,18,8
additional_human_24,VUONG2025_S7_012,source_access,unresolved,unresolved,unresolved,unresolved,https://doi.org/10.1177/1403494819890784,2026-07-30,high_public_record_resolution_burden,18,8
additional_human_24,VUONG2025_S7_012,target_access,unresolved,unresolved,unresolved,unresolved,https://doi.org/10.1177/1403494819890784,2026-07-30,high_public_record_resolution_burden,18,8
additional_human_24,VUONG2025_S7_012,reuse_terms,unresolved,unresolved,unresolved,unresolved,https://doi.org/10.1177/1403494819890784,2026-07-30,high_public_record_resolution_burden,18,8
additional_human_24,VUONG2025_S7_012,code_record,unresolved,unresolved,unresolved,unresolved,https://doi.org/10.1177/1403494819890784,2026-07-30,high_public_record_resolution_burden,18,8
additional_human_24,VUONG2025_S7_012,fixed_version,unresolved,unresolved,unresolved,unresolved,https://doi.org/10.1177/1403494819890784,2026-07-30,high_public_record_resolution_burden,18,8
additional_human_24,VUONG2025_S7_012,execution_path,unresolved,unresolved,unresolved,unresolved,https://doi.org/10.1177/1403494819890784,2026-07-30,high_public_record_resolution_burden,18,8
additional_human_24,VUONG2025_S7_016,target_definition,unresolved,unresolved,unresolved,unresolved,https://doi.org/10.1080/00031305.2023.2267598,2026-07-30,high_public_record_resolution_burden,18,8
additional_human_24,VUONG2025_S7_016,effect_modifier,unresolved,unresolved,unresolved,unresolved,https://doi.org/10.1080/00031305.2023.2267598,2026-07-30,high_public_record_resolution_burden,18,8
additional_human_24,VUONG2025_S7_016,harmonization,unresolved,unresolved,unresolved,unresolved,https://doi.org/10.1080/00031305.2023.2267598,2026-07-30,high_public_record_resolution_burden,18,8
additional_human_24,VUONG2025_S7_016,overlap,unresolved,unresolved,unresolved,unresolved,https://doi.org/10.1080/00031305.2023.2267598,2026-07-30,high_public_record_resolution_burden,18,8
additional_human_24,VUONG2025_S7_016,target_uncertainty,unresolved,unresolved,unresolved,unresolved,https://doi.org/10.1080/00031305.2023.2267598,2026-07-30,high_public_record_resolution_burden,18,8
additional_human_24,VUONG2025_S7_016,threshold_provenance,unresolved,unresolved,unresolved,unresolved,https://doi.org/10.1080/00031305.2023.2267598,2026-07-30,high_public_record_resolution_burden,18,8
additional_human_24,VUONG2025_S7_016,threshold_timing,unresolved,unresolved,unresolved,unresolved,https://doi.org/10.1080/00031305.2023.2267598,2026-07-30,high_public_record_resolution_burden,18,8
additional_human_24,VUONG2025_S7_016,source_access,unresolved,unresolved,unresolved,unresolved,https://doi.org/10.1080/00031305.2023.2267598,2026-07-30,high_public_record_resolution_burden,18,8
additional_human_24,VUONG2025_S7_016,target_access,unresolved,unresolved,unresolved,unresolved,https://doi.org/10.1080/00031305.2023.2267598,2026-07-30,high_public_record_resolution_burden,18,8
additional_human_24,VUONG2025_S7_016,reuse_terms,unresolved,unresolved,unresolved,unresolved,https://doi.org/10.1080/00031305.2023.2267598,2026-07-30,high_public_record_resolution_burden,18,8
additional_human_24,VUONG2025_S7_016,code_record,unresolved,unresolved,unresolved,unresolved,https://doi.org/10.1080/00031305.2023.2267598,2026-07-30,high_public_record_resolution_burden,18,8
additional_human_24,VUONG2025_S7_016,fixed_version,unresolved,unresolved,unresolved,unresolved,https://doi.org/10.1080/00031305.2023.2267598,2026-07-30,high_public_record_resolution_burden,18,8
additional_human_24,VUONG2025_S7_016,execution_path,unresolved,unresolved,unresolved,unresolved,https://doi.org/10.1080/00031305.2023.2267598,2026-07-30,high_public_record_resolution_burden,18,8
additional_human_24,VUONG2025_S7_048,target_definition,unresolved,unresolved,unresolved,unresolved,https://doi.org/10.1080/19466315.2021.1942975,2026-07-30,high_public_record_resolution_burden,18,8
additional_human_24,VUONG2025_S7_048,effect_modifier,unresolved,unresolved,unresolved,unresolved,https://doi.org/10.1080/19466315.2021.1942975,2026-07-30,high_public_record_resolution_burden,18,8
additional_human_24,VUONG2025_S7_048,harmonization,unresolved,unresolved,unresolved,unresolved,https://doi.org/10.1080/19466315.2021.1942975,2026-07-30,high_public_record_resolution_burden,18,8
additional_human_24,VUONG2025_S7_048,overlap,unresolved,unresolved,unresolved,unresolved,https://doi.org/10.1080/19466315.2021.1942975,2026-07-30,high_public_record_resolution_burden,18,8
additional_human_24,VUONG2025_S7_048,target_uncertainty,unresolved,unresolved,unresolved,unresolved,https://doi.org/10.1080/19466315.2021.1942975,2026-07-30,high_public_record_resolution_burden,18,8
additional_human_24,VUONG2025_S7_048,threshold_provenance,unresolved,unresolved,unresolved,unresolved,https://doi.org/10.1080/19466315.2021.1942975,2026-07-30,high_public_record_resolution_burden,18,8
additional_human_24,VUONG2025_S7_048,threshold_timing,unresolved,unresolved,unresolved,unresolved,https://doi.org/10.1080/19466315.2021.1942975,2026-07-30,high_public_record_resolution_burden,18,8
additional_human_24,VUONG2025_S7_048,source_access,unresolved,unresolved,unresolved,unresolved,https://doi.org/10.1080/19466315.2021.1942975,2026-07-30,high_public_record_resolution_burden,18,8
additional_human_24,VUONG2025_S7_048,target_access,unresolved,unresolved,unresolved,unresolved,https://doi.org/10.1080/19466315.2021.1942975,2026-07-30,high_public_record_resolution_burden,18,8
additional_human_24,VUONG2025_S7_048,reuse_terms,unresolved,unresolved,unresolved,unresolved,https://doi.org/10.1080/19466315.2021.1942975,2026-07-30,high_public_record_resolution_burden,18,8
additional_human_24,VUONG2025_S7_048,code_record,unresolved,unresolved,unresolved,unresolved,https://doi.org/10.1080/19466315.2021.1942975,2026-07-30,high_public_record_resolution_burden,18,8
additional_human_24,VUONG2025_S7_048,fixed_version,unresolved,unresolved,unresolved,unresolved,https://doi.org/10.1080/19466315.2021.1942975,2026-07-30,high_public_record_resolution_burden,18,8
additional_human_24,VUONG2025_S7_048,execution_path,unresolved,unresolved,unresolved,unresolved,https://doi.org/10.1080/19466315.2021.1942975,2026-07-30,high_public_record_resolution_burden,18,8
additional_human_24,VUONG2025_S7_050,target_definition,unresolved,unresolved,unresolved,unresolved,https://doi.org/10.1080/19466315.2021.1942975,2026-07-30,high_public_record_resolution_burden,18,8
additional_human_24,VUONG2025_S7_050,effect_modifier,unresolved,unresolved,unresolved,unresolved,https://doi.org/10.1080/19466315.2021.1942975,2026-07-30,high_public_record_resolution_burden,18,8
additional_human_24,VUONG2025_S7_050,harmonization,unresolved,unresolved,unresolved,unresolved,https://doi.org/10.1080/19466315.2021.1942975,2026-07-30,high_public_record_resolution_burden,18,8
additional_human_24,VUONG2025_S7_050,overlap,unresolved,unresolved,unresolved,unresolved,https://doi.org/10.1080/19466315.2021.1942975,2026-07-30,high_public_record_resolution_burden,18,8
additional_human_24,VUONG2025_S7_050,target_uncertainty,unresolved,unresolved,unresolved,unresolved,https://doi.org/10.1080/19466315.2021.1942975,2026-07-30,high_public_record_resolution_burden,18,8
additional_human_24,VUONG2025_S7_050,threshold_provenance,unresolved,unresolved,unresolved,unresolved,https://doi.org/10.1080/19466315.2021.1942975,2026-07-30,high_public_record_resolution_burden,18,8
additional_human_24,VUONG2025_S7_050,threshold_timing,unresolved,unresolved,unresolved,unresolved,https://doi.org/10.1080/19466315.2021.1942975,2026-07-30,high_public_record_resolution_burden,18,8
additional_human_24,VUONG2025_S7_050,source_access,unresolved,unresolved,unresolved,unresolved,https://doi.org/10.1080/19466315.2021.1942975,2026-07-30,high_public_record_resolution_burden,18,8
additional_human_24,VUONG2025_S7_050,target_access,unresolved,unresolved,unresolved,unresolved,https://doi.org/10.1080/19466315.2021.1942975,2026-07-30,high_public_record_resolution_burden,18,8
additional_human_24,VUONG2025_S7_050,reuse_terms,unresolved,unresolved,unresolved,unresolved,https://doi.org/10.1080/19466315.2021.1942975,2026-07-30,high_public_record_resolution_burden,18,8
additional_human_24,VUONG2025_S7_050,code_record,unresolved,unresolved,unresolved,unresolved,https://doi.org/10.1080/19466315.2021.1942975,2026-07-30,high_public_record_resolution_burden,18,8
additional_human_24,VUONG2025_S7_050,fixed_version,unresolved,unresolved,unresolved,unresolved,https://doi.org/10.1080/19466315.2021.1942975,2026-07-30,high_public_record_resolution_burden,18,8
additional_human_24,VUONG2025_S7_050,execution_path,unresolved,unresolved,unresolved,unresolved,https://doi.org/10.1080/19466315.2021.1942975,2026-07-30,high_public_record_resolution_burden,18,8
additional_human_24,VUONG2025_S7_052,target_definition,unresolved,unresolved,unresolved,unresolved,https://doi.org/10.1002/bimj.202100294,2026-07-30,high_public_record_resolution_burden,18,8
additional_human_24,VUONG2025_S7_052,effect_modifier,unresolved,unresolved,unresolved,unresolved,https://doi.org/10.1002/bimj.202100294,2026-07-30,high_public_record_resolution_burden,18,8
additional_human_24,VUONG2025_S7_052,harmonization,unresolved,unresolved,unresolved,unresolved,https://doi.org/10.1002/bimj.202100294,2026-07-30,high_public_record_resolution_burden,18,8
additional_human_24,VUONG2025_S7_052,overlap,unresolved,unresolved,unresolved,unresolved,https://doi.org/10.1002/bimj.202100294,2026-07-30,high_public_record_resolution_burden,18,8
additional_human_24,VUONG2025_S7_052,target_uncertainty,unresolved,unresolved,unresolved,unresolved,https://doi.org/10.1002/bimj.202100294,2026-07-30,high_public_record_resolution_burden,18,8
additional_human_24,VUONG2025_S7_052,threshold_provenance,unresolved,unresolved,unresolved,unresolved,https://doi.org/10.1002/bimj.202100294,2026-07-30,high_public_record_resolution_burden,18,8
additional_human_24,VUONG2025_S7_052,threshold_timing,unresolved,unresolved,unresolved,unresolved,https://doi.org/10.1002/bimj.202100294,2026-07-30,high_public_record_resolution_burden,18,8
additional_human_24,VUONG2025_S7_052,source_access,unresolved,unresolved,unresolved,unresolved,https://doi.org/10.1002/bimj.202100294,2026-07-30,high_public_record_resolution_burden,18,8
additional_human_24,VUONG2025_S7_052,target_access,unresolved,unresolved,unresolved,unresolved,https://doi.org/10.1002/bimj.202100294,2026-07-30,high_public_record_resolution_burden,18,8
additional_human_24,VUONG2025_S7_052,reuse_terms,unresolved,unresolved,unresolved,unresolved,https://doi.org/10.1002/bimj.202100294,2026-07-30,high_public_record_resolution_burden,18,8
additional_human_24,VUONG2025_S7_052,code_record,unresolved,unresolved,unresolved,unresolved,https://doi.org/10.1002/bimj.202100294,2026-07-30,high_public_record_resolution_burden,18,8
additional_human_24,VUONG2025_S7_052,fixed_version,unresolved,unresolved,unresolved,unresolved,https://doi.org/10.1002/bimj.202100294,2026-07-30,high_public_record_resolution_burden,18,8
additional_human_24,VUONG2025_S7_052,execution_path,unresolved,unresolved,unresolved,unresolved,https://doi.org/10.1002/bimj.202100294,2026-07-30,high_public_record_resolution_burden,18,8
additional_human_24,VUONG2025_S7_058,target_definition,unresolved,unresolved,unresolved,unresolved,https://doi.org/10.1097/bot.0000000000002704,2026-07-30,high_public_record_resolution_burden,18,8
additional_human_24,VUONG2025_S7_058,effect_modifier,unresolved,unresolved,unresolved,unresolved,https://doi.org/10.1097/bot.0000000000002704,2026-07-30,high_public_record_resolution_burden,18,8
additional_human_24,VUONG2025_S7_058,harmonization,unresolved,unresolved,unresolved,unresolved,https://doi.org/10.1097/bot.0000000000002704,2026-07-30,high_public_record_resolution_burden,18,8
additional_human_24,VUONG2025_S7_058,overlap,unresolved,unresolved,unresolved,unresolved,https://doi.org/10.1097/bot.0000000000002704,2026-07-30,high_public_record_resolution_burden,18,8
additional_human_24,VUONG2025_S7_058,target_uncertainty,unresolved,unresolved,unresolved,unresolved,https://doi.org/10.1097/bot.0000000000002704,2026-07-30,high_public_record_resolution_burden,18,8
additional_human_24,VUONG2025_S7_058,threshold_provenance,unresolved,unresolved,unresolved,unresolved,https://doi.org/10.1097/bot.0000000000002704,2026-07-30,high_public_record_resolution_burden,18,8
additional_human_24,VUONG2025_S7_058,threshold_timing,unresolved,unresolved,unresolved,unresolved,https://doi.org/10.1097/bot.0000000000002704,2026-07-30,high_public_record_resolution_burden,18,8
additional_human_24,VUONG2025_S7_058,source_access,unresolved,unresolved,unresolved,unresolved,https://doi.org/10.1097/bot.0000000000002704,2026-07-30,high_public_record_resolution_burden,18,8
additional_human_24,VUONG2025_S7_058,target_access,unresolved,unresolved,unresolved,unresolved,https://doi.org/10.1097/bot.0000000000002704,2026-07-30,high_public_record_resolution_burden,18,8
additional_human_24,VUONG2025_S7_058,reuse_terms,unresolved,unresolved,unresolved,unresolved,https://doi.org/10.1097/bot.0000000000002704,2026-07-30,high_public_record_resolution_burden,18,8
additional_human_24,VUONG2025_S7_058,code_record,unresolved,unresolved,unresolved,unresolved,https://doi.org/10.1097/bot.0000000000002704,2026-07-30,high_public_record_resolution_burden,18,8
additional_human_24,VUONG2025_S7_058,fixed_version,unresolved,unresolved,unresolved,unresolved,https://doi.org/10.1097/bot.0000000000002704,2026-07-30,high_public_record_resolution_burden,18,8
additional_human_24,VUONG2025_S7_058,execution_path,unresolved,unresolved,unresolved,unresolved,https://doi.org/10.1097/bot.0000000000002704,2026-07-30,high_public_record_resolution_burden,18,8
additional_human_24,VUONG2025_S7_072,target_definition,unresolved,unresolved,unresolved,unresolved,https://doi.org/10.1002/sim.9963,2026-07-30,high_public_record_resolution_burden,18,8
additional_human_24,VUONG2025_S7_072,effect_modifier,unresolved,unresolved,unresolved,unresolved,https://doi.org/10.1002/sim.9963,2026-07-30,high_public_record_resolution_burden,18,8
additional_human_24,VUONG2025_S7_072,harmonization,unresolved,unresolved,unresolved,unresolved,https://doi.org/10.1002/sim.9963,2026-07-30,high_public_record_resolution_burden,18,8
additional_human_24,VUONG2025_S7_072,overlap,unresolved,unresolved,unresolved,unresolved,https://doi.org/10.1002/sim.9963,2026-07-30,high_public_record_resolution_burden,18,8
additional_human_24,VUONG2025_S7_072,target_uncertainty,unresolved,unresolved,unresolved,unresolved,https://doi.org/10.1002/sim.9963,2026-07-30,high_public_record_resolution_burden,18,8
additional_human_24,VUONG2025_S7_072,threshold_provenance,unresolved,unresolved,unresolved,unresolved,https://doi.org/10.1002/sim.9963,2026-07-30,high_public_record_resolution_burden,18,8
additional_human_24,VUONG2025_S7_072,threshold_timing,unresolved,unresolved,unresolved,unresolved,https://doi.org/10.1002/sim.9963,2026-07-30,high_public_record_resolution_burden,18,8
additional_human_24,VUONG2025_S7_072,source_access,unresolved,unresolved,unresolved,unresolved,https://doi.org/10.1002/sim.9963,2026-07-30,high_public_record_resolution_burden,18,8
additional_human_24,VUONG2025_S7_072,target_access,unresolved,unresolved,unresolved,unresolved,https://doi.org/10.1002/sim.9963,2026-07-30,high_public_record_resolution_burden,18,8
additional_human_24,VUONG2025_S7_072,reuse_terms,unresolved,unresolved,unresolved,unresolved,https://doi.org/10.1002/sim.9963,2026-07-30,high_public_record_resolution_burden,18,8
additional_human_24,VUONG2025_S7_072,code_record,unresolved,unresolved,unresolved,unresolved,https://doi.org/10.1002/sim.9963,2026-07-30,high_public_record_resolution_burden,18,8
additional_human_24,VUONG2025_S7_072,fixed_version,unresolved,unresolved,unresolved,unresolved,https://doi.org/10.1002/sim.9963,2026-07-30,high_public_record_resolution_burden,18,8
additional_human_24,VUONG2025_S7_072,execution_path,unresolved,unresolved,unresolved,unresolved,https://doi.org/10.1002/sim.9963,2026-07-30,high_public_record_resolution_burden,18,8
additional_human_24,VUONG2025_S7_079,target_definition,unresolved,unresolved,unresolved,unresolved,https://doi.org/10.1097/ede.0000000000001230,2026-07-30,high_public_record_resolution_burden,18,8
additional_human_24,VUONG2025_S7_079,effect_modifier,unresolved,unresolved,unresolved,unresolved,https://doi.org/10.1097/ede.0000000000001230,2026-07-30,high_public_record_resolution_burden,18,8
additional_human_24,VUONG2025_S7_079,harmonization,unresolved,unresolved,unresolved,unresolved,https://doi.org/10.1097/ede.0000000000001230,2026-07-30,high_public_record_resolution_burden,18,8
additional_human_24,VUONG2025_S7_079,overlap,unresolved,unresolved,unresolved,unresolved,https://doi.org/10.1097/ede.0000000000001230,2026-07-30,high_public_record_resolution_burden,18,8
additional_human_24,VUONG2025_S7_079,target_uncertainty,unresolved,unresolved,unresolved,unresolved,https://doi.org/10.1097/ede.0000000000001230,2026-07-30,high_public_record_resolution_burden,18,8
additional_human_24,VUONG2025_S7_079,threshold_provenance,unresolved,unresolved,unresolved,unresolved,https://doi.org/10.1097/ede.0000000000001230,2026-07-30,high_public_record_resolution_burden,18,8
additional_human_24,VUONG2025_S7_079,threshold_timing,unresolved,unresolved,unresolved,unresolved,https://doi.org/10.1097/ede.0000000000001230,2026-07-30,high_public_record_resolution_burden,18,8
additional_human_24,VUONG2025_S7_079,source_access,unresolved,unresolved,unresolved,unresolved,https://doi.org/10.1097/ede.0000000000001230,2026-07-30,high_public_record_resolution_burden,18,8
additional_human_24,VUONG2025_S7_079,target_access,unresolved,unresolved,unresolved,unresolved,https://doi.org/10.1097/ede.0000000000001230,2026-07-30,high_public_record_resolution_burden,18,8
additional_human_24,VUONG2025_S7_079,reuse_terms,unresolved,unresolved,unresolved,unresolved,https://doi.org/10.1097/ede.0000000000001230,2026-07-30,high_public_record_resolution_burden,18,8
additional_human_24,VUONG2025_S7_079,code_record,unresolved,unresolved,unresolved,unresolved,https://doi.org/10.1097/ede.0000000000001230,2026-07-30,high_public_record_resolution_burden,18,8
additional_human_24,VUONG2025_S7_079,fixed_version,unresolved,unresolved,unresolved,unresolved,https://doi.org/10.1097/ede.0000000000001230,2026-07-30,high_public_record_resolution_burden,18,8
additional_human_24,VUONG2025_S7_079,execution_path,unresolved,unresolved,unresolved,unresolved,https://doi.org/10.1097/ede.0000000000001230,2026-07-30,high_public_record_resolution_burden,18,8
